# SQL Manager 2005 Lite for MySQL 3.7.6.2
# ---------------------------------------
# Host     : www.opalaclubefranca.com.br
# Port     : 3306
# Database : opalaclu_bd


SET FOREIGN_KEY_CHECKS=0;

CREATE DATABASE `opalaclu_bd`
    CHARACTER SET 'latin1'
    COLLATE 'latin1_swedish_ci';

USE `opalaclu_bd`;

#
# Structure for the `cad_enquete` table : 
#

CREATE TABLE `cad_enquete` (
  `numero` int(11) NOT NULL auto_increment COMMENT 'Numero da enquete',
  `pergunta` varchar(50) default NULL COMMENT 'Pergunta da enquete',
  `datainicio` datetime default NULL COMMENT 'Data de inicio da enquete',
  `datafim` datetime default NULL COMMENT 'Data fim data enquete',
  `tiporesposta` char(1) default NULL COMMENT 'Status da enquete P=pendente,I=iniciada,F=finalizada',
  PRIMARY KEY  (`numero`)
) ENGINE=MyISAM AUTO_INCREMENT=3 DEFAULT CHARSET=latin1;

#
# Structure for the `cad_enquete_opcoes` table : 
#

CREATE TABLE `cad_enquete_opcoes` (
  `numero` int(11) NOT NULL default '0' COMMENT 'Numero da enquete',
  `opcao` int(11) NOT NULL default '0' COMMENT 'Numero da op??o',
  `texto` varchar(40) default NULL COMMENT 'Texto descritivo da op??o',
  PRIMARY KEY  (`numero`,`opcao`)
) ENGINE=MyISAM DEFAULT CHARSET=latin1;

#
# Structure for the `cad_enquete_votos` table : 
#

CREATE TABLE `cad_enquete_votos` (
  `numero` int(11) NOT NULL default '0' COMMENT 'Numero da enquete votada',
  `opcao` int(11) NOT NULL default '0' COMMENT 'Op??o escolhida',
  `voto` int(11) NOT NULL auto_increment COMMENT 'Numero sequencial do voto',
  `ip` varchar(32) default NULL COMMENT 'IP do cliente que votou',
  `datahora` datetime default NULL COMMENT 'Data e hora do voto',
  `userid` int(11) default NULL COMMENT 'Codigo do usu?rio que votou qdo estiver logado',
  PRIMARY KEY  (`voto`),
  KEY `numero` (`numero`,`ip`)
) ENGINE=MyISAM AUTO_INCREMENT=29 DEFAULT CHARSET=latin1;

#
# Structure for the `cad_eventos` table : 
#

CREATE TABLE `cad_eventos` (
  `id` int(11) NOT NULL auto_increment COMMENT 'Código do evento',
  `data` date default NULL COMMENT 'Data do evento',
  `local` varchar(60) default NULL COMMENT 'local do evento',
  `descricao` longtext COMMENT 'Descricao do evento',
  PRIMARY KEY  (`id`)
) ENGINE=InnoDB DEFAULT CHARSET=latin1;

#
# Structure for the `cad_fotos_usuarios` table : 
#

CREATE TABLE `cad_fotos_usuarios` (
  `userid` int(8) NOT NULL default '0' COMMENT 'codigo do usuario',
  `foto` int(6) NOT NULL default '0' COMMENT 'numero da foto',
  `arquivo` varchar(60) default NULL COMMENT 'caminho do arquivo das fotos do usuario',
  `datainclusao` date default NULL,
  PRIMARY KEY  (`userid`,`foto`)
) ENGINE=MyISAM DEFAULT CHARSET=latin1;

#
# Structure for the `cad_mural` table : 
#

CREATE TABLE `cad_mural` (
  `codigo` int(10) unsigned NOT NULL auto_increment COMMENT 'Numero sequencial da mensagem',
  `datahora` datetime NOT NULL default '0000-00-00 00:00:00' COMMENT 'Data e Hora da inclusao da mensagem',
  `mensagem` longtext NOT NULL COMMENT 'Texto da mensagem',
  `userid` int(8) unsigned NOT NULL default '0' COMMENT 'Usuario que postou',
  PRIMARY KEY  (`codigo`)
) ENGINE=MyISAM AUTO_INCREMENT=167 DEFAULT CHARSET=latin1 COMMENT='Mensagens do Mural';

#
# Structure for the `cad_noticias` table : 
#

CREATE TABLE `cad_noticias` (
  `codigo` int(11) NOT NULL auto_increment COMMENT 'C?digo da noticia',
  `titulo` varchar(60) NOT NULL default '' COMMENT 'T?tulo da noticia',
  `datahora` datetime NOT NULL default '0000-00-00 00:00:00' COMMENT 'Data e hora da noticia',
  `noticia` longtext NOT NULL COMMENT 'Corpo da noticia',
  `userid` int(8) NOT NULL default '0' COMMENT 'Usuario que registrou a noticia',
  PRIMARY KEY  (`codigo`)
) ENGINE=MyISAM AUTO_INCREMENT=3 DEFAULT CHARSET=latin1 COMMENT='Cadastro de ?ltimas noticias';

#
# Structure for the `cad_param` table : 
#

CREATE TABLE `cad_param` (
  `codigo` int(10) unsigned NOT NULL auto_increment COMMENT 'Codigo do registro',
  `emailadm` varchar(90) default NULL COMMENT 'Email do administrador do site',
  `emailwbm` varchar(90) default NULL COMMENT 'Email do webmaster',
  PRIMARY KEY  (`codigo`)
) ENGINE=MyISAM AUTO_INCREMENT=2 DEFAULT CHARSET=latin1 COMMENT='Cadastro de parâmetros';

#
# Structure for the `cad_usuario` table : 
#

CREATE TABLE `cad_usuario` (
  `username` varchar(20) NOT NULL default '' COMMENT 'nick name do usuário\n',
  `senha` tinytext NOT NULL COMMENT 'Password do usuário',
  `Nome` varchar(40) NOT NULL default '' COMMENT 'Nome completo do usuário',
  `Endereco` varchar(40) default NULL COMMENT 'Endereço residencial',
  `Numero` int(5) default NULL COMMENT 'Número da residência',
  `Cidade` varchar(40) default NULL COMMENT 'Cidade',
  `Estado` char(2) default NULL COMMENT 'Estado',
  `Cep` int(8) default NULL COMMENT 'Cep residencial',
  `DDD` int(6) default NULL COMMENT 'DDD',
  `Fone` int(10) default NULL COMMENT 'Fone de contato',
  `DDDCel` int(6) default NULL COMMENT 'DDD do Celular',
  `Celular` int(10) default NULL COMMENT 'Número do Celular',
  `EMail` varchar(90) NOT NULL default '' COMMENT 'E-mail',
  `DataNasc` date default NULL COMMENT 'Data de Nascimento',
  `Nivel` int(8) default '0' COMMENT 'Nivel 1=usuário normal 999999=administrador',
  `userid` int(8) NOT NULL auto_increment COMMENT 'Código do usuário',
  `flpublica` char(1) default 'S' COMMENT '"S" = publica dados   "N" = Não publica',
  `flconfirma` char(1) default 'S' COMMENT '"S" = Cadastro confirmado "N" = Não Confirmado',
  `dtcadastro` datetime default NULL COMMENT 'Data de cadastramento',
  `possuiopala` char(1) default 'N' COMMENT 'S/N possui um opala',
  `descricao` longtext COMMENT 'Descri?ao do opala',
  `anopala` int(4) default '0' COMMENT 'Ano do opala',
  PRIMARY KEY  (`userid`)
) ENGINE=MyISAM AUTO_INCREMENT=45 DEFAULT CHARSET=latin1 COMMENT='cadastro de usuários do bolão';

#
# Structure for the `log_bolao` table : 
#

CREATE TABLE `log_bolao` (
  `sequencia` int(10) unsigned NOT NULL auto_increment COMMENT 'Numero de Sequencia de registros',
  `datahora` datetime NOT NULL default '0000-00-00 00:00:00' COMMENT 'Data e Hora do registro',
  `userid` int(8) unsigned NOT NULL default '0' COMMENT 'Usuario que executou o acesso',
  `strsql` mediumtext NOT NULL COMMENT 'Instru?ao sql executada',
  `programa` varchar(20) NOT NULL default '' COMMENT 'Nome do programa que originou a instru?ao',
  PRIMARY KEY  (`sequencia`)
) ENGINE=MyISAM AUTO_INCREMENT=310 DEFAULT CHARSET=latin1 COMMENT='LOG DE ACESSO AO BANCO DE DADOS';

#
# Structure for the `log_usuario` table : 
#

CREATE TABLE `log_usuario` (
  `sequencia` int(10) unsigned NOT NULL auto_increment COMMENT 'Numero de sequencia',
  `userid` int(8) unsigned NOT NULL default '0' COMMENT 'codigo de usuario',
  `datahora` datetime NOT NULL default '0000-00-00 00:00:00' COMMENT 'Data e Hora do acesso',
  PRIMARY KEY  (`sequencia`)
) ENGINE=MyISAM AUTO_INCREMENT=310 DEFAULT CHARSET=latin1 COMMENT='log de acesso dos usuarios';

#
# Structure for the `usr_online` table : 
#

CREATE TABLE `usr_online` (
  `ID` bigint(20) unsigned NOT NULL auto_increment,
  `sessao` varchar(50) NOT NULL default '' COMMENT 'Session id',
  `userid` int(8) unsigned NOT NULL default '0' COMMENT 'Codigo de usuario',
  `datetime` bigint(20) unsigned NOT NULL default '0' COMMENT 'Data e hora do ultimo acesso',
  PRIMARY KEY  (`ID`)
) ENGINE=MyISAM AUTO_INCREMENT=310 DEFAULT CHARSET=latin1 COMMENT='Usuários online';

#
# Data for the `cad_enquete` table  (LIMIT 0,500)
#

INSERT INTO `cad_enquete` (`numero`, `pergunta`, `datainicio`, `datafim`, `tiporesposta`) VALUES 
  (1,'O que você achou do logo ?','2006-12-12','2006-12-31','U'),
  (2,'Você concorda com o estatuto ?','2007-05-03','2007-05-31','U');

COMMIT;

#
# Data for the `cad_enquete_opcoes` table  (LIMIT 0,500)
#

INSERT INTO `cad_enquete_opcoes` (`numero`, `opcao`, `texto`) VALUES 
  (1,5,'Dá pro gasto'),
  (1,4,'Meia Boca'),
  (1,3,'Show de Bola'),
  (1,2,'O mais bonito do Brasil'),
  (1,1,'Fenomenal'),
  (1,6,'Na Falta de outro...'),
  (1,7,'Pior não dá pra ficar'),
  (2,1,'Sim'),
  (2,2,'Não'),
  (2,3,'Parcialmente'),
  (2,4,'Pra início está bom');

COMMIT;

#
# Data for the `cad_enquete_votos` table  (LIMIT 0,500)
#

INSERT INTO `cad_enquete_votos` (`numero`, `opcao`, `voto`, `ip`, `datahora`, `userid`) VALUES 
  (1,1,1,'201.48.62.101','2006-12-12 01:22:14',1),
  (1,1,2,'200.233.167.93','2006-12-12 20:29:23',0),
  (1,1,3,'200.233.132.156','2006-12-13 08:07:41',0),
  (1,2,4,'200.178.187.62','2006-12-13 09:41:03',0),
  (1,2,5,'201.48.60.232','2006-12-13 15:43:07',0),
  (1,1,6,'200.233.136.115','2006-12-13 16:03:53',0),
  (1,4,7,'200.146.235.73','2006-12-13 16:21:00',0),
  (1,1,8,'201.48.59.140','2006-12-15 22:30:30',0),
  (1,1,9,'201.48.243.84','2006-12-16 20:44:19',0),
  (1,5,10,'201.48.14.192','2006-12-16 22:28:07',0),
  (1,3,11,'201.48.243.84','2006-12-16 23:12:39',0),
  (1,1,12,'200.233.141.146','2006-12-18 08:48:59',0),
  (1,2,13,'201.48.240.113','2006-12-18 10:41:13',0),
  (1,3,14,'201.48.15.29','2006-12-18 11:49:00',0),
  (1,3,15,'201.48.23.187','2006-12-23 01:33:27',0),
  (1,3,16,'201.66.191.214','2006-12-29 03:00:41',0),
  (2,4,17,'200.170.150.209','2007-05-03 14:49:00',0),
  (2,1,18,'200.170.150.209','2007-05-03 17:49:36',0),
  (2,1,19,'201.48.94.214','2007-05-03 22:25:18',0),
  (2,1,20,'200.210.47.254','2007-05-04 10:04:47',0),
  (2,1,21,'201.48.85.48','2007-05-04 17:59:36',0),
  (2,1,22,'201.48.94.17','2007-05-04 19:11:54',0),
  (2,1,23,'201.63.193.68','2007-05-04 21:45:05',18),
  (2,1,24,'201.48.27.236','2007-05-04 23:46:06',0),
  (2,1,25,'201.48.62.6','2007-05-07 17:42:26',0),
  (2,1,26,'201.48.15.217','2007-05-10 13:32:14',15),
  (2,1,27,'201.48.198.207','2007-05-14 14:08:46',0),
  (2,1,28,'201.48.95.55','2007-05-16 14:07:49',0);

COMMIT;

#
# Data for the `cad_eventos` table  (LIMIT 0,500)
#

INSERT INTO `cad_eventos` (`id`, `data`, `local`, `descricao`) VALUES 
  (1,'2007-03-03','Cristais Paulista/SP','Encontro dos membros do Opala Clube de Franca na cidade de Cristais Paulista onde tivemos a presença da equipe do programa A Biela fazendo uma matéria sobre o clube e o opala, foi uma bela tarde de sábado onde conseguimos reunir aproximadamente 30 opalas. Agradecimentos aos anfitriões Glauco e Valdir que organizaram tudo pra recepcionar o clube.'),
  (3,'2006-12-09','Jardim Noêmia - Franca','Primeira reunião do clube realizada no Jardim Noêmia em Franca.'),
  (4,'2007-05-12','Eleições do Clube no Estacionamento do Franca Shopping','Foi realizada nesse dia no estacionamento do Franca Shopping a primeira eleição do Opala Clube de Franca, esse dia representa um marco na curta mas promissora história do clube e também o início de uma nova fase. Gostariamos de agradecer a todos do clube pela presença de quase 100% dos membros e ainda com a participação de novos integrantes. Foi um evento marcado pela democracia onde todos puderam expressar sua opinião e suas sugestões, finalizado com uma confraternização no Nilão Lanches.');

COMMIT;

#
# Data for the `cad_mural` table  (LIMIT 0,500)
#

INSERT INTO `cad_mural` (`codigo`, `datahora`, `mensagem`, `userid`) VALUES 
  (1,'2006-12-02 00:19:00','Esse é o canal de comunicação dos opaleiros. Amanhã (02/12) as 15:00 hs, seção de fotos dos opalas para o site no jardim noêmia, qualquer dúvida meu celular é (16) 81291661.\r\n',1),
  (2,'2006-12-02 20:32:00',' Bateria de fotos transferidas para domingo.',1),
  (3,'2006-12-04 15:21:00',' To precisando das lanternas traseiras do diplomata 88, se alguém souber de alguma me avisa. Valew !!',1),
  (4,'2006-12-04 23:36:00',' Já temos algumas fotos publicadas na opção Fotos do menu.',1),
  (5,'2006-12-05 10:27:00',' Amigos, sou o mais novo membro do clube. Estou ansioso para encontrá-los e apreciarmos as nossas máquinas. Abraços.',6),
  (6,'2006-12-05 14:28:00','Amigos, já tenho um produto a ser colocado em nossos classificados: um jogo do rodas com pneus Yokohama aro 18 para Opala (5 x 114,3)em estado de zero.',6),
  (7,'2006-12-06 00:01:00',' Pessoal, já está disponível a opção pra que cada um possa incluir suas próprias fotos, é só fazer o login que vai aparecer a opção minhas fotos, vão colocando ai que depois vou preparar a tela pra todos visualizarem as fotos. Agora eu vou dormir porque já é meia-noite.(ps: o tema das fotos é opala, nada de mulher pelada hein).',1),
  (8,'2006-12-07 21:09:00',' E ai galera qual a programação pro final de semana dos opaleiros ??? Vai ter Reunião extraordinária ou mutirão pra arrumar as naves ???',1),
  (9,'2006-12-08 20:30:00',' galera, precisamos organizar uma reuniao amanha que acham???',3),
  (10,'2006-12-12 10:18:00',' Pessoal, caso alguém tenha ou queira criar algum conteúdo para contribuir com o site, por exemplo algum dado histórico, alguma informação técnica ou qualquer outro texto sobre o opala, mandem pra mim por e-mail (alencarmo@bol.com.br) que publico no site.',1),
  (11,'2006-12-13 08:43:00',' faltou só o emblema 4100 no logo do paralama dianteiro !',6),
  (12,'2006-12-17 16:46:00',' A lista de membros do clube já está disponível, é só clicar na opção Membros do menu.',1),
  (13,'2006-12-17 18:21:00',' consegui mudar a cor do carro do logo para verde se vcs quiserem ver me pessan',14),
  (14,'2006-12-18 13:02:00','alencar vi q recebeu o as fotos ok gente abraço para todos',14),
  (15,'2006-12-18 13:06:00',' olha muito bom o site franca estava precisando de um grupo como esse!!!! o logo muito bom tambem ',14),
  (16,'2006-12-28 12:04:00',' Pessoal, precisamos programar nosso encontro de sábado, 30/12. Local e horário.',6),
  (17,'2006-12-28 13:00:00',' Com certeza nesse eu não falto.',1),
  (18,'2006-12-28 13:11:00','Estarei aguardando vcs no sábado no Posto Select perto da Autofranca após as 14:00. Abraços.',6),
  (19,'2006-12-29 19:58:00','com certeza amanha estarei no select',3),
  (20,'2006-12-30 20:37:00',' E ai pessoal. \r\nEstive  no Select até as 16.00 horas e não apareçeu ninguem. \r\nTão desanimados ??? \r\nVamos dar sequencia aos  nossos encontros. \r\nFELIZ 2007  para todos os opaleiros e opalas.',10),
  (21,'2007-01-01 12:05:00',' ocara, estivemos lá mas chegamos após as 16:00, anota meu celular 81291661, qdo ocorrer isso me dá um toque pra evitarmos esses desencontros.',1),
  (22,'2007-01-05 13:22:00',' E ai pessoal, vamos ter reunião amanhã ?',1),
  (23,'2007-01-05 17:46:00',' Estou só aguardando confirmar o local e horário. De qualquer forma, estarei ou no Select ou no Galo Branco aguardando vcs.',6),
  (24,'2007-01-05 19:27:00',' precisamos definir um local ideal, mais de qualquer jeito estarei no select ou no galo branco',3),
  (25,'2007-01-05 22:45:00',' ae gente vamo defini com antecendência postem um recado aqui falando ok??? olha ficaram pronto as camisetas e os adesivos???? abrços',10),
  (26,'2007-01-12 07:33:00',' Reunião amanhã (13/01) ??? Só falta local e horário... estarei aguardando...',6),
  (27,'2007-01-12 15:06:00',' vamos encontrar no galo branco as 14:00 hs depois resolveremos um local',3),
  (28,'2007-01-15 13:28:00',' Mas esse site está muito parado hein ! Nem as fotos dos seus opalas os membros colocam. Sem a colaboração de todos esse site não desenvolve.',1),
  (29,'2007-01-17 07:29:00','E aí galera do opala clube!\r\nOs adesivos já ficaram prontos, eu levo para vcs na reunião de sábado.',7),
  (30,'2007-01-18 05:51:00',' Pessoal, vamos definir com antecedência onde será nossa reunião de sábado. Fico aguardando...',6),
  (31,'2007-01-18 07:43:00',' Por mim tem que ser ao lado do hospital do coração mesmo.',1),
  (32,'2007-01-18 15:07:00',' acho muito fraquinho ao lado do hospital do cancer',3),
  (33,'2007-01-19 04:31:00',' até que definamos outro local, acho que ao lado do hospital do coração ainda é a opção. de qualquer forma, antes estarei dando uma volta pela cidade. fico aguardando outras sugestões...',6),
  (34,'2007-01-23 09:25:00','alencar,tudobem? a loja da qual eu te falei chama guedes e miranda (www.guedesemiranda.com.br)eles me falaram que não tem o peça do painel que vc está querendo.\r\nme indicaram outra loja 011-3331-7771 e no mercado livre tem pra vender. a peça se chama almofada do painel.glauco. ',18),
  (35,'2007-01-23 13:25:00',' blz, valew Glauco.',1),
  (36,'2007-01-25 14:06:00',' Pessoal, vamos marcar nossa reunião de sábado com antecedência, pois se deixarmos para a última hora, acaba não dando em nada. Vamos definir horário e local. Fico aguardando opiniões... (buteco do hospital do coração ?)',6),
  (37,'2007-01-26 12:55:00',' o problema do bar perto do hospital do coracao é que só abre depois das 16:00 hs, precisamos pensar em outro local\r\n',3),
  (38,'2007-01-26 13:34:00',' Ninguém nunca dá uma opinião... vou ficar na minha... amanhã decido o que vou fazer... Abraços...',6),
  (39,'2007-01-26 17:32:00',' que tal o espetinho na avenida sao vicente???',3),
  (40,'2007-01-26 18:22:00','aew pode ser la na avenida são vincente  no espetinho de lá blz??? ok pessoal nos encontramos la \r\nAlencar:quero adquirir o adeviso leve um adesivo para mim amanhan ok  não esqueça la no espetinho me ligue \r\ntel :3702-6857',10),
  (41,'2007-02-01 07:18:00',' Amigos, vai ter reunião sábado ??? Onde ??? Estamos precisando de sugestões... Poucos se manifestam... está faltando interesse...',6),
  (42,'2007-02-01 18:09:00','amanha sexta vou falar com o cara do posto em frente o Select e depois coloco um aviso aqui o que virou pra reuniao de sabado\r\n',3),
  (43,'2007-02-02 06:48:00',' Pessoal consegui um catálogo eletrônico de peças originais da GM de 2004, tem o desenho e o código de todas as peças de opala, se alguém quiser uma cópia leva uma mídia de cd no encontro de amanhã que faço a cópia.',1),
  (44,'2007-02-02 07:55:00',' Pessoal, onde vai ser o encontro amanhã ???........e que horas ????',2),
  (45,'2007-02-02 08:11:00',' Minha sugestão e do Paulinho de local é no Dr. Picanha, na Alonso y Alonso, entre o Jofer autoposto e a Rofaso, perto do forum, abre as 11h da manhã e tem espaço pra estacionar.',1),
  (46,'2007-02-02 11:44:00',' Entao vamos combinar por volta das 14:00 ???.........Alencar, leva sua maquina fotografica, de preferencia carregada dessa vez ....',23),
  (47,'2007-02-02 12:21:00',' Olá pessoal.  Ontem mandei um e-mail para abiela,programa do canal 15 onde o carinha faz reportagens com fuscas, dodges, carros antigos, etc.,  solicitando um contato conosco. Assim que tiver novidades eu aviso. \r\nQuanto ao encontro, achei o local  da hora, vamos mesmo nos reunir no Dr. PICANHA, ás 14.00 horas ? ',10),
  (48,'2007-02-02 13:12:00',' Só uma pergunta, aonde fica esse Dr.Picanha????',3),
  (49,'2007-02-02 13:13:00',' nao precisam responder, ja ví, rsrsrsrs\r\n',3),
  (50,'2007-02-02 15:02:00',' Pessoal, entao ta combinado......Dr Picanha a partir das 14:00...........Alencar, qualquer mudança nos planos me liga.',23),
  (51,'2007-02-04 17:00:00',' Pessoal, caso alguém esteja com dificuldades pra inserir suas fotos, entre em contato comigo.',1),
  (52,'2007-02-09 15:55:00',' Por acaso vai ter Dr. Picanha amanhã ? Já fizeram a parceria com o proprietário ? Precisamos negociar os preços...',6),
  (53,'2007-02-09 19:36:00',' com certeza tera,la pelas 15:00 hs estarei la\r\n',3),
  (54,'2007-02-09 21:04:00',' Estarei lá também nesse horário.',1),
  (55,'2007-02-11 14:49:00',' Pessoal, as camisetas do clube vão ficar prontas no dia 22/02, valor R$ 25,00 em malha fria de boa qualidade preta ou branca tamanhos M, G, GG, infantil e feminina, os interessados em antecipar a encomenda deixe o recado aqui ou liga no meu celular 81291661.',1),
  (56,'2007-02-13 07:16:00','Oi Alencar eu queria pedir 2 camisetas 1 no tamanho g e a outra no tamanho m e para a Renata pegar baby look g.',7),
  (57,'2007-02-16 17:29:00',' Amigos, haverá reunião amanhã ou não ???',6),
  (58,'2007-02-16 20:27:00',' amanha estarei no Dr.Picanha as 15:00 hs',3),
  (59,'2007-02-23 17:35:00',' Pessoal, vai ter encontro amanhã ???',23),
  (60,'2007-02-23 19:11:00',' galera, tudo bem?Vamos ver se dá certo fazer uma reunião aqui em cristais.Talvez dia 24/02, que tal?',18),
  (61,'2007-02-24 09:32:00',' Acho que seria uma boa Glauco, podemos reunir no Dr. Picanha e de lá combinar com o pessoal pra ir pra Cristais.',1),
  (62,'2007-02-28 19:20:00',' ENCONTRO EM CRISTAIS:  moçada,já avisei lá no espetinho que a turma vai pra lá.Ele vai abrir às 16:00 hs, avisei também o pessoal que faz os dois jornais de Cristais, eles também vão pra fotografar as barcas e o evento.Vamos ver se a gente leva o máximo de opalas pra lá.Sugiro que a gente saia do estacionamento do galo branco às 16:15, pois nesse horário, dá pra sair todo mundo junto',18),
  (63,'2007-03-01 21:04:00',' galera, vamos combinar de encontrar no galo branco sabado as 15:00 hs',3),
  (64,'2007-03-02 10:21:00',' Estarei lá as 15:00',23),
  (65,'2007-03-02 11:45:00',' E ai galera, saudaçoes opaleiras pra todos,dessa vez nao vai dar pra ir,fica pra proxima ok?',26),
  (66,'2007-03-02 14:25:00',' Oi gente, é o TONINHO PINTO,   o TIAGO SONGA do programa  A BIELA me ligou e disse que quer fazer uma matéria para a TV conosco e estará em CRISTAIS  no sabado ás 16.30 horas. \r\nTamo ficando famosos, he, he, he. \r\nAbraços.  Estarei  no GALO BRANCO ás 16.00 horas.',10),
  (67,'2007-03-02 17:45:00',' Ok. Gostaria de ir mais cedo, mas tudo bem. Mas não vamos nos atrasar ! Estaremos saindo sem falta as 16h00. Até lá...',6),
  (68,'2007-03-02 19:13:00',' acho 16:00hs meio tarde seria bom encontrarmos no galo branco as 15:00hs ',3),
  (69,'2007-03-02 21:05:00',' Pessoal, pra não ter confusão vamos combinar o seguinte, as 16:00hs em ponto saímos do Galo Branco pra Cristais Paulista, Se alguém se atrasar vai direto pra lá fazendo o possível pra chegar até as 16:30 no máximo. Se alguém se perder em cristais liga no meu celular.',1),
  (70,'2007-03-02 21:53:00',' pessoal. toninho  pinto. seria legal se todo mundo estivesse com as camisetas. não sei como  adquirir?????.\r\naté amanhã.',10),
  (71,'2007-03-07 17:22:00','moçada: o encontro de sábado aqui em cristais foi muito legal,No domingo tava todo mundo comentando(se bem que aqui todo mundo não é tanta gente assim né?).Quero pedir pro pessoal que tem net,para que gravem o programa de quinta pra gente.Quero também agradecer a todos que vieram no sábado,um abraço a todos, boa semana e até sábado.glauco',18),
  (72,'2007-03-08 07:18:00',' olá pessoal, as camisetas vão ficar prontas na sexta. Vou levá-las no encontro de sábado e quem quiser é só falar comigo.',7),
  (73,'2007-03-08 07:20:00',' Só lembrando pessoal é hoje o programa do songa na net canal 15 as 8:30 horas fiquem ligados.',7),
  (74,'2007-03-08 08:00:00','sauve galera opalera!! estou aqui pra pedir uma ajuda, se voces souberem de alguem que esteja vendendo opala automatico, estou presisando de um, por causa da minha deficiencia, nao posso mais dirigir carro com cambio mecanico,falo galera um abraço a todos e sabadao to la hehe. \"pratiquem opalaterapia\" faz um bem danado.',26),
  (75,'2007-03-09 14:56:00',' queria saber do encontro de amanhâ,10/03 vai ser no local de sempre?',18),
  (76,'2007-03-13 11:02:00',' moçada, combinei(conforme combinamos) com o dono do bar esquina da loira, da gente ir pra lá no próximo sábado dia 17/03.O bar fica na av Paulo VI onde era o armazén tábua de frios do lado do antigo cohiba.Para os chorões de plantão, a cerveja lá custa R$02,19. Caso não gostem da idéia é só colocar no site outras opçôes que eu desmarco com ele.Um abraço a todos.',18),
  (77,'2007-03-15 22:23:00',' sabado as 4 horas estarei la um abraço',7),
  (78,'2007-03-16 09:35:00',' Combinado ! Também estarei lá !',6),
  (79,'2007-03-16 18:51:00',' Eu também.',23),
  (80,'2007-03-23 19:38:00',' galera,boa noite.Quero lembrar ao pessoal que ficou combinado da gente se encontrar no próximo sábado 24/03 no mesmo bar(esquina da loira) na av: paulo VI.Um abraço a todos e até amanhã.',18),
  (81,'2007-03-23 20:04:00',' estarei la as 4horas um abraço\r\n',7),
  (82,'2007-03-23 20:21:00',' 15:00hs estarei no buteco\r\n',3),
  (83,'2007-03-24 11:06:00',' Estarei lá também.',23),
  (84,'2007-03-27 19:21:00',' olá opaleiros, procurei saber mais sobre o encontro de autos antigos em aguas de lindóia a data do evento é de 04 de maio à 08 de maio, quem for para pousar procurar fazer reservas antes mesmo que nas cidades proximas, um abraço a todos e até sábado se deus nos permitir.',35),
  (85,'2007-03-29 22:08:00',' galera não se esqueça que sabado tem encontro a partir das 3horas la na esquina da loira.\r\n',7),
  (86,'2007-03-29 22:09:00',' eu vou com minha maquina branca.........',29),
  (87,'2007-03-30 07:42:00',' oi pessoal, desculpe a minha falha a data correta do encontro de lindóia não é aquela que eu mencionei anteriormente, mas sim a que eu vou colocar agora: começa dia 27 de abril sexta feira e termina no feriado de 1º de maio, e melhor dia para estar lá é no domingo, portanto para quem for e voltar no mesmo dia, o domingo é o dia ideal.  valeu, e desculpe a nossa falha, até sábado.\r\n',35),
  (88,'2007-03-30 20:59:00',' galera, boa noite a todos. Amanhã (31/03), levarei vários jornais aqui de cristais(uma cópia pra cada), a matéria sobre o encontro nosso aqui ficou muito legal.O preço da matéria ficou em 50,00, vamos ver se dá pra fazer uma vaca pra eu pagar, falta 40,00. vamos ver se a gente faz um programa diferente no próximo sábado, tipo  outra cidade.Um abraço a todos e até amanhã.',18),
  (89,'2007-03-30 21:01:00','quem quiser uma cópia da nossa matéria no programa do songa, leve uma mídia.',18),
  (90,'2007-03-31 10:58:00','e aí galera opaleira!\r\nsó passei para dizer que amanhã (domingo)vai passar uma matéria sobre opalas na globo as 9:00 hs naquele programa de carros. ',7),
  (91,'2007-03-31 11:31:00',' Pessoal, o programa é o Auto Esporte.....vai passar mesmo uma reportagem sobre opala.....nao percam.....é amanhã as 9:00.\r\n',23),
  (92,'2007-03-31 11:38:00',' Glauco, ja comprei a midia e estou levando logo mais no nosso encontro......se ja tiver uma midia ja gravada leva que a gente troca.',23),
  (93,'2007-03-31 12:14:00',' Vou levar meu notebook, se der já fazemos a cópia na hora.',1),
  (94,'2007-04-06 20:30:00',' vai ter reuniao amanha?',3),
  (95,'2007-04-10 21:57:00','Ficou show de bola as fotos dos eventos. Parabéns!!! Temos que programar mais eventos como este.',7),
  (96,'2007-04-11 08:31:00',' Pessoal, seria interessante fazermos nossa reunião de sábado próximo (14/04) em uma cidade vizinha, para divulgarmos nosso clube, afinal de contas, existem muitos opaleiros na região. Sei que em Batatais existem muitos opalas e pode ser uma opção, mas caso alguém tenha algum contato em outra cidade, como por exemplo, Pedregulho, Patrocínio Pta, etc, seria interessante que fizesse contatos. O que acham ???',6),
  (97,'2007-04-11 09:17:00','tenho um contato legal em pedregulho e em batatais´é só ligar.queria pedir ao alencar que leve seu notebook pra fazer as cópias pra galera,pode deixar que eu levo o dvd original do programa.Não estou conseguindo fazer as cópias aqui em casa.\r\n',18),
  (98,'2007-04-11 11:35:00',' Glauco, a mídia é de dvd ou cd ?',1),
  (99,'2007-04-12 00:09:00',' Glauco, se for possível, faça contato então com seus conhecidos das 2 cidades para verificarmos suas disponibilidades e depois colocamos as opções para o pessoal, o que acha ?',6),
  (100,'2007-04-12 21:55:00',' Pessoal, o que acham ??? Vamos para Batatais, Pedregulho ou outra cidade ??? Ou preferem reunir no mesmo lugar ? Na minha opinião seria interessante fazermos algum passeio diferente...',6),
  (101,'2007-04-13 08:12:00',' Por mim vamos pra pedregulho, nos encontramos as 15:00 no Galo Branco.',1),
  (102,'2007-04-13 18:08:00',' Estarei as 15:00 no Galo Branco.',23),
  (103,'2007-04-13 19:42:00',' tambem estarei la as 15horas vou chamar alguns amigos\r\n',7),
  (104,'2007-04-13 23:20:00',' Legal ! Então está combinado ! Nos encontraremos no Galo Branco. Vamos nos programar para sair as 15h00. Quem se atrasar ou não puder ir este horário, estaremos esperando os retardatários lá em Pedregulho, ok ? Abraços, e até lá...',6),
  (105,'2007-04-15 18:30:00',' Pessoal, o Paulo JR levantou o assunto no último sábado e acho que ele tem razão, precisamos organizar melhor as atividades do nosso clube pra que possamos crescer cada vez mais. Caso tenham idéias, coloquem no mural e vamos discutí-las na próxima reunião. Eu já vou deixar aquí a minha sugestão que é realizarmos um porco ou boi no rolete direcionando a renda em prol de uma entidade assistencial que vamos definir.',1),
  (106,'2007-04-16 12:23:00',' Pessoal, o Glauco me emprestou o dvd do programa A Biela com a reportagem sobre o clube, quem quizer uma cópia deixa um recado aqui ou me liga, vou levar a cópia no próximo sábado, o custo da cópia será R$ 3,00 (preço de custo) a ser pago na entrega.',1),
  (107,'2007-04-16 23:58:00',' Alencar, por favor, faça uma cópia para mim. Grato.',6),
  (108,'2007-04-17 23:58:00',' OK',1),
  (110,'2007-04-18 22:00:00',' E ai pessoal, tudo blz ??? Alguma sugestão de vcs pra nossa reunião do próximo sábado ??',1),
  (111,'2007-04-18 22:41:00','MOÇADA:vamos para pedregulho(bar do paulinho)em frente a estação ferroviária antiga, que tal? ',18),
  (112,'2007-04-19 09:03:00',' Ótima idéia ! Podem contar comigo ! Estarei me programando para sábado... Água nos radiadores, heim !!!',6),
  (113,'2007-04-19 09:28:00',' Blz...mas vamos combinar as 15:00 em ponto no galo branco...sem atrasos moçada.',1),
  (114,'2007-04-19 09:32:00',' Combinado entao....as 15:00 no Galo Branco.',23),
  (115,'2007-04-20 15:14:00',' Olá pessoal, aqui é o TONINHO  PINTO. \r\nMe ligaram lá Cristais paulista e  estão dizendo que não viram nada no nosso site  sobre eles, que estavam com a gente, na mesa ao lado e disserem que prometemos  colocar fotos. ',10),
  (116,'2007-04-20 16:17:00',' Márcio, me manda as fotos que vc tirou em cristais pra colocarmos no site.',1),
  (117,'2007-04-20 16:41:00',' Pessoal, então está confirmado. Amanhã em Pedregulho ! Vamos já deixar combinado o seguinte: Estaremos saindo as 15h00 em ponto !!! Aqueles que não puderem estar lá nesse horário ou se atrasarem, não tem problema... estaremos já a caminho e aguardando os retardatários lá em Pedregulho. Qualquer coisa façam contato pelo celular. Seria legal se o Glauco fizesse algum contato com seus conhecidos de lá. Abraços e, até amanhã !!!',6),
  (118,'2007-04-27 09:39:00',' E ai pessoal, amanhã teremos encontro ? ',1),
  (127,'2007-04-28 11:57:00',' esse lugar e na presidente vargas??? e q horas vcs vao estar la??',26),
  (120,'2007-04-27 14:22:00',' OI PESSOAL, SÓ PASSEI AQUI PARA DEIXAR UM ABRAÇO A TODOS , AMANHÃ ESTAREI EM AGUAS DE LINDÓIA SE ALGUÉM FOR NOS VEMOS LÁ ,HÁ UM AVISO QUEM FOR VAI TER QUE TOMAR CERVEJA ITAIPAVA, LÁ SÓ TEM DESSA....TÔ BRINCANDO TEM OUTRAS TAMBÉM, TCHAU,FUI.\r\n',35),
  (121,'2007-04-27 19:27:00',' Galera. Vamos reunir amanhã.Que tal lá naquele cara do espitinho perto do hospital do coração,naquele dos primeiros encontros.\r\n',18),
  (122,'2007-04-27 19:31:00','se vocês decidirem alguma coisa, me avisem,estarei na escola trabalhando. ',18),
  (123,'2007-04-27 21:10:00',' Sugiro o bar da careta.',1),
  (124,'2007-04-28 10:04:00',' ae vai ter econtro?????? vamu i lá no bar da careta se for ter pra inova eh oq vcs axam?\r\n',10),
  (125,'2007-04-28 10:17:00',' Acho que no bar da careta seria bom.',1),
  (128,'2007-04-28 13:50:00',' O bar da careta é na Major Nicácio, próximo ao CCBEU, as 16:00hs.',1),
  (129,'2007-04-28 14:00:00',' perto do segundo farol, indo pra avenida brasil ok?\r\n',26),
  (130,'2007-04-28 14:05:00',' av brasil nao, e presidente vargas, é isso mesmo?',26),
  (131,'2007-04-29 14:55:00',' ALENCAR, ja enviei para o seu email os documentos e procedimentos para a legalizaçao do clube, qualquer duvida sabe onde me encontrar.',26),
  (132,'2007-04-29 14:58:00',' RANDER, se o rapaz do opala automatico for vender o carro, me avise, pq ainda nao fechei com a mecanica 6cc, estou em negociaçao ok?',26),
  (133,'2007-04-29 16:33:00',' Pessoal, o Newton (olsenisp) conseguiu um modelo de estatuto pra usarmos no nosso clube. Coloquei um link no menu onde vcs poderão ler e opinar sobre ele. É importante que todos leiam (não é nenhuma bíblia) e façam suas observações e sugestões sobre ele e até mesmo se vamos adota-lo. Coloquem aquí mesmo no mural as suas observações.',1),
  (134,'2007-04-30 10:40:00',' Perfeito este modelo de estatuto para o tipo de associação. Suscinto e objetivo. Qualquer alteração que se fizer necessária futuramente poderemos fazer em assembléia. Tem a minha aprovação !',6),
  (135,'2007-05-02 09:40:00','tem minha aprovacao tambem o Estatuto',3),
  (136,'2007-05-03 14:43:00',' Pessoal, seria muito legal se nossa próxima reunião (sábado - 05/05/07) fosse em frente a Autofranca (Concessionária Chevrolet da Alonso y Alonso). Quem se predispõe a fazer contato com algum funcionário de lá para tentarmos marcar este evento ??? Não vamos deixar para a última hora !!! Vamos nos programar com antecedência, senão acabamos nos desanimando...',6),
  (137,'2007-05-03 22:00:00',' Falei com o Manga hoje e vai ter feirão da agência lá nesse final de semana, ele ficou de ver um outro dia.',1),
  (138,'2007-05-04 08:05:00',' Então vamos fazer o que neste sábado ??? Alguma sugestão ???',6),
  (139,'2007-05-04 10:43:00',' Pessoal, precisamos URGENTE nomear alguém para organizar nosso clube. Isso está se tornando reuniao de sabado para tomar cerveja e creio que nao é essa a proposta. Sugiro conversarmos seriamente sobre o assunto.',23),
  (140,'2007-05-04 20:44:00',' achei o estatuto muito bem elaborado.Concordo com a aplicação do mesmo.',18),
  (141,'2007-05-04 21:29:00',' Pessoal, minha sugestão é pra amanhã é no posto select a partir das 15:00.',1),
  (142,'2007-05-05 09:51:00',' Ok....no Posto Select as 15:00.',23),
  (143,'2007-05-05 12:53:00',' Ok. Posto Select perto da Autofranca, né !?',6),
  (144,'2007-05-05 13:17:00',' Alencar, posto select perto da Autofranca entao ??.....estarei lá.',23),
  (145,'2007-05-06 20:07:00','E ai galera, saudações santistas a todos.Quero deixar minha opinião a respeito da reunião de sábado no posto select:(VERDADEIRO PROGRAMA DE ÍNDIO), achei que a gente ia discutir o estatuto para o clube assumir seu papel com função social e se tornar um compromisso mais sério com responsabilidades definidas.Mas não foi isso que aconteceu, não discutimos o assunto,as barcas que pelas quais nós temos paixão, ficaram misturadas às motos e outros carros que não tem nada a ver com o nosso gosto.Além disso ainda percebi alguns MANÉS, desfazendo dos carros, chamando de ultrapassados e fazendo gozações.\r\nFoi muito infeliz a idéia de ir pra lá.Ficar em pé em um posto de gasolina com uma latinha na mão pra mim é programa de quem tem carro e não tem dinheiro para abastecer.Quero lembrar que fiz o possível dentro do meu alcance, sempre avisando(do meu celular) o pessoal que não tem internet,  no objetivo de engordar a quantidade de opalas nas reuniões(a gente tinha combinado um local, que foi mudado, e ninguém me ligou pra avisar a troca infeliz),Perdi tempo durante a semana fazendo vários adesivos para apresentar pra turma no último sábado, mas como eu mesmo disse \"PERDI MEU TEMPO\".Por enquanto não vou mais participar, mas quando vocês resolverem fazer um trabalho sério, me avisem que voltarei com o maior gosto.Um abraço a todos, espero que ninguém me leve a mal, fiz boas amizades no clube. ',18),
  (147,'2007-05-07 21:09:00',' Glauco, boa noite, primeiramente gostaria de assumir a responsabilidade sobre a escolha do local e pedir desculpas p/ aqueles que ficaram insatisfeitos e concordo com vc que não foi uma boa escolha e ainda as motos e os manés não estavam nos planos, não temos sede definida e pra todo lugar que vamos sempre tem alguém reclamando, hora de falta de estacionamento, hora da cerveja, hora do valor da conta, até de falta de mulher no ambiente, etc...mas tem muita gente pra reclamar e muito pouca pra dar sugestão...e chegou na sexta a noite ninguém deixou uma sugestão sequer no site, por isso a escolha. Quanto ao estatuto, da forma que estava não havia ambiente pra discuti-lo. De qualquer forma acho esse seu puxão de orelhas muito importante, as vezes é disso que nós precisamos. Espero que vc não deixe de participar das reuniões, vc é muito importante para o clube (apesar de santista) e um dos maiores responsáveis pelo que construímos até o momento, assim como todo pessoal de Cristais. Nosso clube é sério e muito maior do que imaginamos, no próximo sábado vamos discutir o estatuto e já realizarmos a eleição para os cargos previstos nele e pra isso precisamos da presença do maior número de pessoas...conto com a sua presença.\r\n\r\n',1),
  (148,'2007-05-07 22:19:00',' ola amigos,vamos marcar o proximo encontro lá na praça do consolação,para que conversamos a respeito do clube,e que possamos definir um lugar certo para nossos encontros,vamos nos organizar para que todos vão no encontro de sabado.obrigado.',8),
  (149,'2007-05-08 16:19:00',' Entendo perfeitamente a insatisfação de alguns, inclusive a minha, mas seria muito injusto atribuir alguma culpa pela escolha de sábado, afinal de contas, realmente ainda não temos nem sede, nem nenhum local especificamente definido e quando chega o sábado, poucos se manifestam indicando algum lugar. Acho que devemos assumir com mais determinação estes nossos encontros, promovendo além das gostosas rodas de conversas, carros e cevas, alguns eventos mais produtivos. Que todos reavaliem suas decisões e se programem para que, no próximo sábado, possamos nos encontrar para definir as funções de nosso clube e continuarmos com nosso agradável círculo de amizade ! Abraços à todos...',6),
  (150,'2007-05-08 18:42:00','o recado e o seguinte: na medida do possivel eu ajudo como posso, no dia 21 de abril em pedregulho na maior chuva, coloquei a disposiçao do alencar minha casa como local para reunioes do clube, reuniao e reuniao, corri atras do estatuto entre outros e esta ai(NAO ESTOU COBRANDO NDA,FIZ COM PRAZER E CONHECIMENTO QUE TENHO), so nao faço mais pq todos sabem as minhas condiçoes, desde ja estou deixando publico este aviso e local para REUNIOES a respeito do CLUBE, ate termos nossa sede definida, obrigado a todos. ',26),
  (151,'2007-05-10 07:50:00',' >> C O N V O C A Ç Ã O <<\r\n Pessoal, no próximo sábado vamos realizar a primeira eleição do Opala Clube de Franca, com certeza será um marco e o começo de uma nova fase para o clube, por isso sua presença é indispensável. Serão escolhidos os representantes para os seguintes cargos:\r\n    Diretor Presidente, \r\n    Diretor Vice-Presidente, \r\n    Diretor Social,  \r\n    Diretor Tesoureiro e de Patrimônio, \r\n    Diretor Técnico, \r\n    Diretor de Criação e Divulgação,  \r\n    Secretário,  \r\n    Representantes do conselho e suplentes. \r\n A Eleição será realizada nesse sábado 12 de maio, no estacionamento do Franca-Shopping as 15:30.\r\n\r\nNo estatuto que pode ser acessado pelo menu consta as atribuições de cada cargo. Qualquer membro do clube pode ser eleito para qualquer cargo a não ser que expresse o desejo contrário.\r\nContamos com a presença de todos. Até lá.\r\n\r\n',1),
  (152,'2007-05-14 12:21:00',' Pessoal, quem for na reunião de domingo na chácara do Toninho Faria me informa o número de acompanhantes deixando um recado aqui, me enviando um e-mail ou ligando no 81291661 se possível até sexta-feira.',1),
  (153,'2007-05-14 21:47:00',' Pessoal, antes da reunião vamos apoiar nosso companheiro Toninho votando na esposa dele MARIA BEATRIZ número 19 p/ o conselho tutelar. É ir na faculdade de direito de Franca. Levem quantas pessoas puderem, esposa, pai, mãe, tio, avó, papagaio, etc...basta ser eleitor. Opaleiro tem que ser unido. Valew !!!',1),
  (154,'2007-05-15 12:45:00',' espero todos no domingo',15),
  (155,'2007-05-15 18:47:00',' sou novo no clube mas conheço alguns integrantes!O q vcs vao fazer no domingo?\r\nGostaria de saber como participar.desde ja obrigado e um abraço a todos!',43),
  (156,'2007-05-16 13:13:00','Rander não esquece os adesivos!!! Até Domingo\r\nObs: Todo mundo vai de Opala não vai',40),
  (157,'2007-05-16 16:38:00','E aê Galera... sou o GIANT do Clube Amigos do Opala... fiquei mto feliz em saber q em franca tem esse clube! Até o fim do ano devo me mudar pra alguma cidade proxima, ficarei feliz em conhecer essa galera!\r\n\r\nAbraços',44),
  (158,'2007-05-16 19:11:00',' Pessoal, fiz contato com os organizadores do encontro de carros antigos de S. Sebastião do Paraíso que será realizado nos dias 26 e 27 e foi aberto pra expormos até 10 carros do clube. No domingo vamos discutir sobre o assunto e definir quais carros vamos levar. Acho que não podemos ficar fora desses eventos.',1),
  (159,'2007-05-16 19:21:00','PRESIDENTE ALENCAR NO DOMINGO DEPOIS DA VOTAÇÃO EU E MINHA ESPOSA VAMOS COMPARECER NO CHURRASCO DE CONFRATERNIZAÇÃO DOS OPALEIROS NO HÍPICA, ESPERO ENCONTRAR TODA A GALERA LÁ. ',7),
  (160,'2007-05-17 08:12:00',' Alencar, confirmo a presenca minha e de minha esposa domingo na hipica',3),
  (161,'2007-05-17 21:06:00',' E ai Alencar blza? Domingao estarei la!\r\n Estou indo sozinho mesmo! Valew!!!',43),
  (162,'2007-05-17 21:58:00',' ok, Gabrielsin.',1),
  (163,'2007-05-18 08:23:00',' Bom dia Alencar,eu e o Guilherme Moreti e seu filho de 08 anos confirmamos presença no domingo',28),
  (164,'2007-05-18 08:29:00',' ok, Brenno, confirmado.',1),
  (165,'2007-05-18 08:49:00',' Qual o seu e-mail, para te mandar as fotos de Aguas de Lindóia, não consigo adicionar as fotos pelo fale conosco?',28),
  (166,'2007-05-18 11:45:00',' Brenno, o e-mail é a1encarmo@yahoo.com.br, se não conseguir leva um cd com as fotos ou a câmera no domingo que eu copio.',1);

COMMIT;

#
# Data for the `cad_noticias` table  (LIMIT 0,500)
#

INSERT INTO `cad_noticias` (`codigo`, `titulo`, `datahora`, `noticia`, `userid`) VALUES 
  (1,'Inauguração do site','2006-11-29 00:03:00','Prezados amigos opaleiros de Franca e região, é com prazer que informo a vocês o lançamento do nosso site, mesmo que ainda em caráter experimental. Esse será o ponto de encontro dos amantes do opala e do primeiro opala clube de Franca. Ainda temos muito trabalho pra deixar o site no ponto, e precisamos da participação de todos com sugestões para melhoria do mesmo, o mural já está disponível e é aberto pra todos se comunicarem no site.Esperamos que todos participem e possamos fazer crescer cada vez mais esse clube.E não poderia deixar de registrar os agradecimentos aos idealizadores do clube e também do site, Rander, Nill, Márcio, Toninho e eu (Alencar, que por sinal é quem mais trabalha nesse clube).\r\nAbraços e contamos com a participação de todos !!!!\r\n',1),
  (2,'Adesivos disponíveis','2007-01-20 16:04:00','Prezados opaleiros os adesivos oficiais do clube já disponíveis, colabore com a formação do clube e adquira o seu. O preço é de R$ 5,00 e toda renda será destinada a manutenção do clube.',1);

COMMIT;

#
# Data for the `cad_param` table  (LIMIT 0,500)
#

INSERT INTO `cad_param` (`codigo`, `emailadm`, `emailwbm`) VALUES 
  (1,'admin@opalaclubefranca.com.br','admin@opalaclubefranca.com.br');

COMMIT;

#
# Data for the `cad_usuario` table  (LIMIT 0,500)
#

INSERT INTO `cad_usuario` (`username`, `senha`, `Nome`, `Endereco`, `Numero`, `Cidade`, `Estado`, `Cep`, `DDD`, `Fone`, `DDDCel`, `Celular`, `EMail`, `DataNasc`, `Nivel`, `userid`, `flpublica`, `flconfirma`, `dtcadastro`, `possuiopala`, `descricao`, `anopala`) VALUES 
  ('alencar','895fc8c852b75ac822df228ae0f26f23','Alencar Mendes de oliveira',NULL,NULL,'Franca','SP',NULL,16,37206281,16,81291661,'a1encarmo@yahoo.com.br',NULL,999999,1,'S','S','2006-11-28 23:38:16','S','Diplomata 88/89, 6cc, gasolina, banco de couro, aranhado, cinza, rodas do 92.',1988),
  ('fabio','827ccb0eea8a706c4c34a16891f84e7b','FABIO GUILHERME DA CUNHA',NULL,NULL,'CRISTAIS PAULISTA','SP',NULL,16,31331606,16,99652439,'JULIANAELUNA@HOTMAIL.COM.BR',NULL,0,25,'S','S','2007-02-12 06:17:49','S','TENHO UM DIPLOMATA 6 SILINDROS BANCO DE COURO ESCAPAMENTO ARANHADO AZUL MUITO BONITO.',1991),
  ('Marcio','91b9ecf18f4e3ebe075279d0c3e57278','Marcio Sousa',NULL,NULL,'Franca','SP',NULL,0,0,0,0,'marcio9019@netsite.com.br',NULL,0,3,'N','S','2006-11-29 20:24:41','S','',1986),
  ('Paulinho','68830aef4dbfad181162f9251a1da51b','Paulo da Fonseca Junior',NULL,NULL,'Franca','SP',NULL,0,0,0,0,'paulojunior@magazineluiza.com.br',NULL,0,23,'S','S','2007-02-02 11:40:16','S','Comodoro 4 cc cinza Nimbus, duas portas, vidro eletrico, trava eletrica, direcao hidraulica, porta-mala eletrico, retrovisor eletrico.',1988),
  ('leo','cf96c61924cd0a631cf29443b186e50b','Leonardo Fernandes Oliveira',NULL,NULL,'Franca','SP',NULL,3720,6281,0,0,'lfo2@hotmail.com',NULL,0,5,'S','S','2006-11-29 22:55:31','N','num tenho opala',0),
  ('fernando','1b6c3e638f7c84fb808a5ca30387aa05','FERNANDO CESAR GOULART',NULL,NULL,'FRANCA','SP',NULL,16,37274934,16,91224063,'fernandogoulart@magazineluiza.com.br',NULL,0,6,'S','S','2006-12-04 09:41:11','S','GM Opala Diplomata 1988/89, cor preta, 6cc alcool, 94 mil km originais.\r\nGM Opala Diplomata 1986/86, cores prata e cinza (saia e bluza), 6cc alcool, motor 250-S original.',1988),
  ('Rander','62736027ce7502c8fcf2236d5b971620','Rander Clayton Fernandes',NULL,NULL,'Franca','SP',NULL,16,37219878,0,0,'rehernandes2006@yahoo.com.br',NULL,0,7,'S','S','2006-12-04 21:32:00','S','OPALA COMODORO ANO 1976, COR MARROM METÁLICO, TETO DE VINIL, 6 CILINDROS, TUDO ORIGINAL.',1976),
  ('ronilson','060291d2caedaad87d564857dd01765d','ronilson cristiano fernandes',NULL,NULL,'franca','SP',NULL,16,37034302,16,81213311,'renata.nill@netsite.com.br',NULL,0,8,'S','S','2006-12-06 22:35:59','S','opala preto diplomata 6 cilindros tres weber comando de competiçâo motor 4400 carro para arrancada.',1986),
  ('juninho','b2724494620971d414ce99cf310d1095','Antônio de Pádua Faria Junior',NULL,NULL,'Franca','SP',NULL,16,37236951,16,81134002,'toto_kpta@hotmail.com',NULL,0,9,'S','S','2006-12-11 16:30:10','S','cinza, sem detalhes, v6, pintura muito boa, e motor em otimo estado',1987),
  ('ocara','957a7941c5d2ce00a0c8119a823562b7','Antonio de Pádua Pinto',NULL,NULL,'Franca','SP',NULL,16,37026857,16,99994334,'paduapinto@yahoo.com.br',NULL,0,10,'S','S','2006-12-16 16:16:25','S','azul metalico escuro , conservado , muito novo , não batido , luz xenon azul ,aranhado com ponteira cromada ,spot azul , tapete de aluminio ,entre outros',1991),
  ('Daniel','f2bffa645459e95c43c4e7a129e834fc','Daniel C. Cintra (Garet)',NULL,NULL,'Franca','SP',NULL,16,37252188,16,81268091,'danielgaret@gmail.com',NULL,0,11,'S','S','2006-12-16 19:44:06','N','Por enquanto naum tenho!!!\r\nMas esperem pra ver!!!',0),
  ('EDUARDO','5d42b835d53bbd27d58e2699dd6b0e62','EDUARDO RIBEIRO GONÇALVES',NULL,NULL,'franca','SP',NULL,3703,1241,9122,7156,'eduardo_opalao@hotmail.com',NULL,0,12,'S','S','2006-12-16 21:31:51','S','opala diplomata 6 cilindros alcool original \r\nrodas originais aro 14  escapamento  aranha \r\ninsufilme 100% preto .  cor preto nobre  e \r\ntucho mecânico .ar condicionado perfeito travas e vidros',1990),
  ('ielcker','b607b19708885797e9b9161b2204cc34','Ielcker Garcia Martins',NULL,NULL,'Franca','SP',NULL,16,37210708,16,81159738,'ielcker@uol.com.br',NULL,0,22,'N','S','2007-01-29 14:19:28','S','Opala comodoro marrom c/ capota de vinil preta.',1979),
  ('davi','18cae25193d97ded00459c08542b57d7','davi jose padua pinto',NULL,NULL,'Franca','SP',NULL,16,37026857,0,0,'davi6cc@yahoo.com.br',NULL,0,14,'S','S','2006-12-17 18:19:12','S','do meu pai',1991),
  ('tonimfaria','1e351e21c45da1a6460020c10cb88c7f','antonio de padua faria',NULL,NULL,'Franca','SP',NULL,16,37236951,16,81141800,'fmadvogados@com4.com.br',NULL,0,15,'S','S','2006-12-19 23:08:25','S','Diplomata 1987 Cinza Chumbo, original, 2 portas, metálico, motor 4100, lindão.',1987),
  ('marco','323242097368577e6f3aac03c6dcedb6','marco luis paschoal',NULL,NULL,'araraquara','SP',NULL,16,33228038,16,99754649,'mlpaschoal@yahoo.com.br',NULL,0,16,'S','S','2006-12-24 19:02:51','S','GM CARAVAN QUE FAZ PARTE DA FAMILIA SOU SEGUNDO DONO PROCURO DEIXAR ELA O MAIS ORIGINAL POSSIVEL BEM CONSERVADA COM NOTA FISCAL QUASE TODOS OS DOCUMENTOS DE LICENCIAMENTOS VERDE METALICA 4CC GASOLINA RADIO ORIGINAL DA GM',1979),
  ('Sergio','4c6094c61f7d425134e22b697f36cf59','Sergio Ricardo Bueno',NULL,NULL,'Sao Paulo','SP',NULL,11,39658212,11,94349449,'sergio_omegaclube@yahoo.com.br',NULL,0,21,'N','S','2007-01-27 12:32:59','N','',0),
  ('glauco','6101cd509cdc79c0b5b35a832be5ef4e','glauco henrique fernandes ananias',NULL,NULL,'Cristais Paulista','SP',NULL,16,31331608,16,99692141,'glaucohfananias@hotmail.com',NULL,0,18,'S','S','2007-01-01 18:59:57','S','diplomata se 91/92 prata.levemente rebaixado,levemente aspirado,lindão.',1991),
  ('Arnaldo','45effb63b4d36523076ed996d2796dae','Arnaldo.A.Moreira',NULL,NULL,'osasco','SP',NULL,0,36850649,0,93020628,'jean_kaka@hotmeil.com',NULL,0,20,'S','S','2007-01-18 15:21:41','S','placa crp-5161 cor amarelo',1979),
  ('rmanfredi','ee7e386f20262a3d67c0336c63441f6a','Renato Manfredi',NULL,NULL,'Franca','SP',NULL,16,37210320,16,91782057,'rmanfredi@netsite.com.br',NULL,0,24,'S','S','2007-02-04 14:12:21','S','Caravan 1989, vinho, aranhada, comando 250-s, 446, rodas 15 do opala 92.',1989),
  ('olsenisp','e4214a672d5a0846d3f8e2a53417ac74','Nilton Sergio de Oliveira',NULL,NULL,'Franca','SP',NULL,16,37022977,16,81254367,'olsenisp@yahoo.com.br',NULL,0,26,'S','S','2007-03-01 13:24:49','S','Opala comodoro 80 coupe alcool 4cilindros',1980),
  ('Carlos','dc146ceb9e57d4299a448f0d5ae1c9e0','Carlos Henrique da Silva',NULL,NULL,'Franca','SP',NULL,0,37025114,0,0,'carlosastr@com4.com.br',NULL,0,27,'S','S','2007-03-02 06:02:25','S','Tenho um opala de luxo 1978 bege metalico,4 cilindros interior marron bancos dianteiros baixos rodas originais pretas com calotas cromadas,carro bem conservado e original.',1979),
  ('Brenno','56b624e2779b5623ba2cbc4ea2ea73c5','Brenno Maniglia Junior',NULL,NULL,'Franca','SP',NULL,16,37015577,16,99693009,'bmjr@uol.com.br',NULL,0,28,'S','S','2007-03-03 13:11:35','S','Opala Diplomata 1982 250-S coupê, azul metalico,pintura,interior e motor originais!',1982),
  ('Rafael','b41f31eea1db8deee5b2ba20852bc888','Rafael Campos Fernandes',NULL,NULL,'Franca','SP',NULL,16,37034302,16,81213311,'renata.nill@netsite.com.br',NULL,0,29,'S','S','2007-03-04 15:49:09','S','opala comodoro branco 4 portas, 4cc',1979),
  ('patrao','1c8b0fc75e3cc6f2dc22d6dc13144cf5','ismar alves domingues',NULL,NULL,'franca','SP',NULL,16,37030478,0,0,'ismarpatrao@opala.com',NULL,0,32,'S','S','2007-03-05 22:35:26','S','opala 76 4 cilindros todo original em perfeito estado de conservaçâo',1976),
  ('valdir','8fca89484d6ee45eec127e6329afde7b','valdir Ferro',NULL,NULL,'Cristais Paulista','SP',NULL,0,0,9178,5317,'glaucohfananias@hotmail.com',NULL,0,33,'S','S','2007-03-09 15:45:41','S','diplomata preto sl/e 91/92, liso e lindão.',1991),
  ('filhomania','c6cc8094c2dc07b700ffcc36d64e2138','Pedro Henrique G. dos Santos',NULL,NULL,'Franca','SP',NULL,0,0,16,91246506,'filhototal@uol.com.br',NULL,0,34,'S','S','2007-03-26 19:09:22','N','',0),
  ('PAULO','7ccb528fdcedfc6127032b0f2d6e6e03','PAULO HENRIQUE DA SILVA',NULL,NULL,'FRANCA','SP',NULL,3722,5955,0,0,'phcontador@yahoo.com.br',NULL,0,35,'S','S','2007-03-27 09:17:41','S','OPALA STANDART',1981),
  ('william','169e258e054422c4c2145a15d42e62fb','william brigido',NULL,NULL,'cristais paulista','SP',NULL,0,0,16,92266081,'william.brigido@hotmail.com',NULL,0,36,'N','S','2007-03-30 17:17:52','N','',0),
  ('Larissa','021bd32a43cbd0a5326d1ed9464ebed9','Larissa Campos Fernandes',NULL,NULL,'Franca','SP',NULL,16,0,0,0,'camilacamposfernandes@hotmail.com',NULL,0,37,'S','S','2007-04-01 22:42:06','S','OPALA 6CC EM CONSTRUÇÃO',1979),
  ('sergio05','f60344fd669d46cc00087c59ec740aa2','Sergio Henrique de Freitas',NULL,NULL,'Franca','SP',NULL,16,37012416,16,91988537,'sergio.h.f@hotmail.com',NULL,0,38,'S','S','2007-04-14 10:52:39','S','Meu carro é um opala diplomata 4 portas completo com ar condicionado e cambio automatico de fabrica lindão.',1986),
  ('Marcao','ef8813cb53e0c18896c6ef16f14a6dc7','Marco Antonio (Marcão)',NULL,NULL,'Restinga','SP',NULL,16,31431327,16,81242595,'marco_restinga@hotmail.com',NULL,0,40,'S','S','2007-04-18 00:23:12','S','opala sl/e 6cc coupê azul zafira 1988',1988),
  ('Guilherme','1d67c5f9b639ec8818c3ba4ffb14eb09','Guilherme de Almeida Moreti',NULL,NULL,'Franca','SP',NULL,16,37015577,16,99696866,'guimoreti@hotmail.com.br',NULL,0,41,'S','S','2007-05-11 10:08:16','S','Caravam Comodoro 6cc 1984,cor prata série especial c/retrovisores elétricos originais.',1984),
  ('Estevao','70ede688a4ff6f69af05559c94e5d156','Estevão de Melo Marcondes Luz',NULL,NULL,'Franca','SP',NULL,0,0,16,81470034,'conjuratevo@hotmail.com',NULL,0,42,'S','S','2007-05-14 22:48:24','S','Caravan Comodoro 6cc, azul metálico, mecânica original, máquina impecável.',1988),
  ('Gabrielsin','da454cd58e238ae86c09be199f7f9855','Gabriel Andreo Pinto',NULL,NULL,'Franca','SP',NULL,16,37052369,16,91460343,'gabrielandreo@bol.com.br',NULL,0,43,'S','S','2007-05-15 18:37:33','S','',1979),
  ('GIANT','0f57b2033dc098fbff7cf67bf8122800','Leandro Carvalho',NULL,NULL,'Osasco','SP',NULL,0,0,11,84788497,'lcarvalho@close-upinternational.com.br',NULL,0,44,'S','S','2007-05-16 16:37:02','S','Caravan Comodoro 79/80 4cil a gasolina',1980);

COMMIT;

#
# Data for the `log_bolao` table  (LIMIT 0,500)
#

INSERT INTO `log_bolao` (`sequencia`, `datahora`, `userid`, `strsql`, `programa`) VALUES 
  (1,'2006-11-28 23:43:52',1,'insert into log_usuario\r\n\t   \t\t\t\t\t\t(userid,datahora)\r\n\t\t\t\t\t\t\tvalues (1,''2006-11-28 23-43-52'')','/prc_login.php'),
  (2,'2006-11-28 23:49:14',1,'insert into log_usuario\r\n\t   \t\t\t\t\t\t(userid,datahora)\r\n\t\t\t\t\t\t\tvalues (1,''2006-11-28 23-49-14'')','/prc_login.php'),
  (3,'2006-11-29 19:33:43',1,'insert into log_usuario\r\n\t   \t\t\t\t\t\t(userid,datahora)\r\n\t\t\t\t\t\t\tvalues (1,''2006-11-29 19-33-43'')','/prc_login.php'),
  (4,'2006-11-29 20:27:39',3,'insert into log_usuario\r\n\t   \t\t\t\t\t\t(userid,datahora)\r\n\t\t\t\t\t\t\tvalues (3,''2006-11-29 20-27-39'')','/prc_login.php'),
  (5,'2006-11-29 21:52:34',4,'insert into log_usuario\r\n\t   \t\t\t\t\t\t(userid,datahora)\r\n\t\t\t\t\t\t\tvalues (4,''2006-11-29 21-52-34'')','/prc_login.php'),
  (6,'2006-11-30 22:46:49',3,'insert into log_usuario\r\n\t   \t\t\t\t\t\t(userid,datahora)\r\n\t\t\t\t\t\t\tvalues (3,''2006-11-30 22-46-49'')','/prc_login.php'),
  (7,'2006-12-02 00:17:51',1,'insert into log_usuario\r\n\t   \t\t\t\t\t\t(userid,datahora)\r\n\t\t\t\t\t\t\tvalues (1,''2006-12-02 00-17-51'')','/prc_login.php'),
  (8,'2006-12-02 17:12:24',5,'insert into log_usuario\r\n\t   \t\t\t\t\t\t(userid,datahora)\r\n\t\t\t\t\t\t\tvalues (5,''2006-12-02 17-12-24'')','/prc_login.php'),
  (9,'2006-12-02 20:31:35',1,'insert into log_usuario\r\n\t   \t\t\t\t\t\t(userid,datahora)\r\n\t\t\t\t\t\t\tvalues (1,''2006-12-02 20-31-35'')','/prc_login.php'),
  (10,'2006-12-04 09:45:24',6,'insert into log_usuario\r\n\t   \t\t\t\t\t\t(userid,datahora)\r\n\t\t\t\t\t\t\tvalues (6,''2006-12-04 09-45-24'')','/prc_login.php'),
  (11,'2006-12-04 15:20:04',1,'insert into log_usuario\r\n\t   \t\t\t\t\t\t(userid,datahora)\r\n\t\t\t\t\t\t\tvalues (1,''2006-12-04 15-20-04'')','/prc_login.php'),
  (12,'2006-12-04 21:37:22',3,'insert into log_usuario\r\n\t   \t\t\t\t\t\t(userid,datahora)\r\n\t\t\t\t\t\t\tvalues (3,''2006-12-04 21-37-22'')','/prc_login.php'),
  (13,'2006-12-04 23:34:43',1,'insert into log_usuario\r\n\t   \t\t\t\t\t\t(userid,datahora)\r\n\t\t\t\t\t\t\tvalues (1,''2006-12-04 23-34-43'')','/prc_login.php'),
  (14,'2006-12-05 10:26:14',6,'insert into log_usuario\r\n\t   \t\t\t\t\t\t(userid,datahora)\r\n\t\t\t\t\t\t\tvalues (6,''2006-12-05 10-26-14'')','/prc_login.php'),
  (15,'2006-12-05 14:21:18',7,'insert into log_usuario\r\n\t   \t\t\t\t\t\t(userid,datahora)\r\n\t\t\t\t\t\t\tvalues (7,''2006-12-05 14-21-18'')','/prc_login.php'),
  (16,'2006-12-05 14:24:29',6,'insert into log_usuario\r\n\t   \t\t\t\t\t\t(userid,datahora)\r\n\t\t\t\t\t\t\tvalues (6,''2006-12-05 14-24-29'')','/prc_login.php'),
  (17,'2006-12-05 21:52:33',1,'insert into log_usuario\r\n\t   \t\t\t\t\t\t(userid,datahora)\r\n\t\t\t\t\t\t\tvalues (1,''2006-12-05 21-52-33'')','/prc_login.php'),
  (18,'2006-12-05 23:39:12',1,'insert into log_usuario\r\n\t   \t\t\t\t\t\t(userid,datahora)\r\n\t\t\t\t\t\t\tvalues (1,''2006-12-05 23-39-12'')','/prc_login.php'),
  (19,'2006-12-06 08:59:50',1,'insert into log_usuario\r\n\t   \t\t\t\t\t\t(userid,datahora)\r\n\t\t\t\t\t\t\tvalues (1,''2006-12-06 08-59-50'')','/prc_login.php'),
  (20,'2006-12-06 11:51:29',2,'insert into log_usuario\r\n\t   \t\t\t\t\t\t(userid,datahora)\r\n\t\t\t\t\t\t\tvalues (2,''2006-12-06 11-51-29'')','/prc_login.php'),
  (21,'2006-12-06 12:26:00',7,'insert into log_usuario\r\n\t   \t\t\t\t\t\t(userid,datahora)\r\n\t\t\t\t\t\t\tvalues (7,''2006-12-06 12-26-00'')','/prc_login.php'),
  (22,'2006-12-06 14:04:57',6,'insert into log_usuario\r\n\t   \t\t\t\t\t\t(userid,datahora)\r\n\t\t\t\t\t\t\tvalues (6,''2006-12-06 14-04-57'')','/prc_login.php'),
  (23,'2006-12-06 19:24:45',5,'insert into log_usuario\r\n\t   \t\t\t\t\t\t(userid,datahora)\r\n\t\t\t\t\t\t\tvalues (5,''2006-12-06 19-24-45'')','/prc_login.php'),
  (24,'2006-12-06 23:05:17',7,'insert into log_usuario\r\n\t   \t\t\t\t\t\t(userid,datahora)\r\n\t\t\t\t\t\t\tvalues (7,''2006-12-06 23-05-17'')','/prc_login.php'),
  (25,'2006-12-06 23:41:53',8,'insert into log_usuario\r\n\t   \t\t\t\t\t\t(userid,datahora)\r\n\t\t\t\t\t\t\tvalues (8,''2006-12-06 23-41-53'')','/prc_login.php'),
  (26,'2006-12-07 15:23:20',3,'insert into log_usuario\r\n\t   \t\t\t\t\t\t(userid,datahora)\r\n\t\t\t\t\t\t\tvalues (3,''2006-12-07 15-23-20'')','/prc_login.php'),
  (27,'2006-12-07 21:08:00',1,'insert into log_usuario\r\n\t   \t\t\t\t\t\t(userid,datahora)\r\n\t\t\t\t\t\t\tvalues (1,''2006-12-07 21-08-00'')','/prc_login.php'),
  (28,'2006-12-08 11:20:07',6,'insert into log_usuario\r\n\t   \t\t\t\t\t\t(userid,datahora)\r\n\t\t\t\t\t\t\tvalues (6,''2006-12-08 11-20-07'')','/prc_login.php'),
  (29,'2006-12-08 20:28:54',3,'insert into log_usuario\r\n\t   \t\t\t\t\t\t(userid,datahora)\r\n\t\t\t\t\t\t\tvalues (3,''2006-12-08 20-28-54'')','/prc_login.php'),
  (30,'2006-12-12 00:18:24',1,'insert into log_usuario\r\n\t   \t\t\t\t\t\t(userid,datahora)\r\n\t\t\t\t\t\t\tvalues (1,''2006-12-12 00-18-24'')','/prc_login.php'),
  (31,'2006-12-12 10:14:39',1,'insert into log_usuario\r\n\t   \t\t\t\t\t\t(userid,datahora)\r\n\t\t\t\t\t\t\tvalues (1,''2006-12-12 10-14-39'')','/prc_login.php'),
  (32,'2006-12-12 20:02:18',5,'insert into log_usuario\r\n\t   \t\t\t\t\t\t(userid,datahora)\r\n\t\t\t\t\t\t\tvalues (5,''2006-12-12 20-02-18'')','/prc_login.php'),
  (33,'2006-12-12 20:03:12',5,'insert into log_usuario\r\n\t   \t\t\t\t\t\t(userid,datahora)\r\n\t\t\t\t\t\t\tvalues (5,''2006-12-12 20-03-12'')','/prc_login.php'),
  (34,'2006-12-13 07:08:23',7,'insert into log_usuario\r\n\t   \t\t\t\t\t\t(userid,datahora)\r\n\t\t\t\t\t\t\tvalues (7,''2006-12-13 07-08-23'')','/prc_login.php'),
  (35,'2006-12-13 08:41:23',6,'insert into log_usuario\r\n\t   \t\t\t\t\t\t(userid,datahora)\r\n\t\t\t\t\t\t\tvalues (6,''2006-12-13 08-41-23'')','/prc_login.php'),
  (36,'2006-12-15 21:30:16',3,'insert into log_usuario\r\n\t   \t\t\t\t\t\t(userid,datahora)\r\n\t\t\t\t\t\t\tvalues (3,''2006-12-15 21-30-16'')','/prc_login.php'),
  (37,'2006-12-15 21:31:29',7,'insert into log_usuario\r\n\t   \t\t\t\t\t\t(userid,datahora)\r\n\t\t\t\t\t\t\tvalues (7,''2006-12-15 21-31-29'')','/prc_login.php'),
  (38,'2006-12-15 23:27:14',1,'insert into log_usuario\r\n\t   \t\t\t\t\t\t(userid,datahora)\r\n\t\t\t\t\t\t\tvalues (1,''2006-12-15 23-27-14'')','/prc_login.php'),
  (39,'2006-12-16 16:21:46',10,'insert into log_usuario\r\n\t   \t\t\t\t\t\t(userid,datahora)\r\n\t\t\t\t\t\t\tvalues (10,''2006-12-16 16-21-46'')','/prc_login.php'),
  (40,'2006-12-16 21:00:12',10,'insert into log_usuario\r\n\t   \t\t\t\t\t\t(userid,datahora)\r\n\t\t\t\t\t\t\tvalues (10,''2006-12-16 21-00-12'')','/prc_login.php'),
  (41,'2006-12-17 14:03:40',1,'insert into log_usuario\r\n\t   \t\t\t\t\t\t(userid,datahora)\r\n\t\t\t\t\t\t\tvalues (1,''2006-12-17 14-03-40'')','/prc_login.php'),
  (42,'2006-12-17 15:29:48',1,'insert into log_usuario\r\n\t   \t\t\t\t\t\t(userid,datahora)\r\n\t\t\t\t\t\t\tvalues (1,''2006-12-17 15-29-48'')','/prc_login.php'),
  (43,'2006-12-17 15:53:36',1,'insert into log_usuario\r\n\t   \t\t\t\t\t\t(userid,datahora)\r\n\t\t\t\t\t\t\tvalues (1,''2006-12-17 15-53-36'')','/prc_login.php'),
  (44,'2006-12-17 17:09:11',1,'insert into log_usuario\r\n\t   \t\t\t\t\t\t(userid,datahora)\r\n\t\t\t\t\t\t\tvalues (1,''2006-12-17 17-09-11'')','/prc_login.php'),
  (45,'2006-12-17 18:11:21',10,'insert into log_usuario\r\n\t   \t\t\t\t\t\t(userid,datahora)\r\n\t\t\t\t\t\t\tvalues (10,''2006-12-17 18-11-21'')','/prc_login.php'),
  (46,'2006-12-17 18:20:39',14,'insert into log_usuario\r\n\t   \t\t\t\t\t\t(userid,datahora)\r\n\t\t\t\t\t\t\tvalues (14,''2006-12-17 18-20-39'')','/prc_login.php'),
  (47,'2006-12-17 18:45:22',1,'insert into log_usuario\r\n\t   \t\t\t\t\t\t(userid,datahora)\r\n\t\t\t\t\t\t\tvalues (1,''2006-12-17 18-45-22'')','/prc_login.php'),
  (48,'2006-12-17 18:56:13',1,'insert into log_usuario\r\n\t   \t\t\t\t\t\t(userid,datahora)\r\n\t\t\t\t\t\t\tvalues (1,''2006-12-17 18-56-13'')','/prc_login.php'),
  (49,'2006-12-18 13:01:46',14,'insert into log_usuario\r\n\t   \t\t\t\t\t\t(userid,datahora)\r\n\t\t\t\t\t\t\tvalues (14,''2006-12-18 13-01-46'')','/prc_login.php'),
  (50,'2006-12-18 20:47:58',3,'insert into log_usuario\r\n\t   \t\t\t\t\t\t(userid,datahora)\r\n\t\t\t\t\t\t\tvalues (3,''2006-12-18 20-47-58'')','/prc_login.php'),
  (51,'2006-12-19 22:04:43',1,'insert into log_usuario\r\n\t   \t\t\t\t\t\t(userid,datahora)\r\n\t\t\t\t\t\t\tvalues (1,''2006-12-19 22-04-43'')','/prc_login.php'),
  (52,'2006-12-19 22:08:09',1,'insert into log_usuario\r\n\t   \t\t\t\t\t\t(userid,datahora)\r\n\t\t\t\t\t\t\tvalues (1,''2006-12-19 22-08-09'')','/prc_login.php'),
  (53,'2006-12-20 13:23:00',10,'insert into log_usuario\r\n\t   \t\t\t\t\t\t(userid,datahora)\r\n\t\t\t\t\t\t\tvalues (10,''2006-12-20 13-23-00'')','/prc_login.php'),
  (54,'2006-12-22 08:19:27',1,'insert into log_usuario\r\n\t   \t\t\t\t\t\t(userid,datahora)\r\n\t\t\t\t\t\t\tvalues (1,''2006-12-22 08-19-27'')','/prc_login.php'),
  (55,'2006-12-22 08:24:58',1,'insert into log_usuario\r\n\t   \t\t\t\t\t\t(userid,datahora)\r\n\t\t\t\t\t\t\tvalues (1,''2006-12-22 08-24-58'')','/prc_login.php'),
  (56,'2006-12-23 20:42:29',1,'insert into log_usuario\r\n\t   \t\t\t\t\t\t(userid,datahora)\r\n\t\t\t\t\t\t\tvalues (1,''2006-12-23 20-42-29'')','/prc_login.php'),
  (57,'2006-12-28 12:02:36',6,'insert into log_usuario\r\n\t   \t\t\t\t\t\t(userid,datahora)\r\n\t\t\t\t\t\t\tvalues (6,''2006-12-28 12-02-36'')','/prc_login.php'),
  (58,'2006-12-28 12:59:33',1,'insert into log_usuario\r\n\t   \t\t\t\t\t\t(userid,datahora)\r\n\t\t\t\t\t\t\tvalues (1,''2006-12-28 12-59-33'')','/prc_login.php'),
  (59,'2006-12-28 13:06:42',6,'insert into log_usuario\r\n\t   \t\t\t\t\t\t(userid,datahora)\r\n\t\t\t\t\t\t\tvalues (6,''2006-12-28 13-06-42'')','/prc_login.php'),
  (60,'2006-12-29 19:57:55',3,'insert into log_usuario\r\n\t   \t\t\t\t\t\t(userid,datahora)\r\n\t\t\t\t\t\t\tvalues (3,''2006-12-29 19-57-55'')','/prc_login.php'),
  (61,'2006-12-30 11:14:28',10,'insert into log_usuario\r\n\t   \t\t\t\t\t\t(userid,datahora)\r\n\t\t\t\t\t\t\tvalues (10,''2006-12-30 11-14-28'')','/prc_login.php'),
  (62,'2006-12-30 20:36:04',10,'insert into log_usuario\r\n\t   \t\t\t\t\t\t(userid,datahora)\r\n\t\t\t\t\t\t\tvalues (10,''2006-12-30 20-36-04'')','/prc_login.php'),
  (63,'2006-12-30 22:19:52',1,'insert into log_usuario\r\n\t   \t\t\t\t\t\t(userid,datahora)\r\n\t\t\t\t\t\t\tvalues (1,''2006-12-30 22-19-52'')','/prc_login.php'),
  (64,'2006-12-30 23:16:20',1,'insert into log_usuario\r\n\t   \t\t\t\t\t\t(userid,datahora)\r\n\t\t\t\t\t\t\tvalues (1,''2006-12-30 23-16-20'')','/prc_login.php'),
  (65,'2006-12-31 14:22:54',1,'insert into log_usuario\r\n\t   \t\t\t\t\t\t(userid,datahora)\r\n\t\t\t\t\t\t\tvalues (1,''2006-12-31 14-22-54'')','/prc_login.php'),
  (66,'2007-01-01 12:03:26',1,'insert into log_usuario\r\n\t   \t\t\t\t\t\t(userid,datahora)\r\n\t\t\t\t\t\t\tvalues (1,''2007-01-01 12-03-26'')','/prc_login.php'),
  (67,'2007-01-02 11:23:43',6,'insert into log_usuario\r\n\t   \t\t\t\t\t\t(userid,datahora)\r\n\t\t\t\t\t\t\tvalues (6,''2007-01-02 11-23-43'')','/prc_login.php'),
  (68,'2007-01-02 13:57:05',6,'insert into log_usuario\r\n\t   \t\t\t\t\t\t(userid,datahora)\r\n\t\t\t\t\t\t\tvalues (6,''2007-01-02 13-57-05'')','/prc_login.php'),
  (69,'2007-01-05 13:21:23',1,'insert into log_usuario\r\n\t   \t\t\t\t\t\t(userid,datahora)\r\n\t\t\t\t\t\t\tvalues (1,''2007-01-05 13-21-23'')','/prc_login.php'),
  (70,'2007-01-05 17:44:57',6,'insert into log_usuario\r\n\t   \t\t\t\t\t\t(userid,datahora)\r\n\t\t\t\t\t\t\tvalues (6,''2007-01-05 17-44-57'')','/prc_login.php'),
  (71,'2007-01-05 19:27:11',3,'insert into log_usuario\r\n\t   \t\t\t\t\t\t(userid,datahora)\r\n\t\t\t\t\t\t\tvalues (3,''2007-01-05 19-27-11'')','/prc_login.php'),
  (72,'2007-01-05 22:44:39',10,'insert into log_usuario\r\n\t   \t\t\t\t\t\t(userid,datahora)\r\n\t\t\t\t\t\t\tvalues (10,''2007-01-05 22-44-39'')','/prc_login.php'),
  (73,'2007-01-06 22:11:11',5,'insert into log_usuario\r\n\t   \t\t\t\t\t\t(userid,datahora)\r\n\t\t\t\t\t\t\tvalues (5,''2007-01-06 22-11-11'')','/prc_login.php'),
  (74,'2007-01-09 14:31:45',18,'insert into log_usuario\r\n\t   \t\t\t\t\t\t(userid,datahora)\r\n\t\t\t\t\t\t\tvalues (18,''2007-01-09 14-31-45'')','/prc_login.php'),
  (75,'2007-01-12 07:31:07',6,'insert into log_usuario\r\n\t   \t\t\t\t\t\t(userid,datahora)\r\n\t\t\t\t\t\t\tvalues (6,''2007-01-12 07-31-07'')','/prc_login.php'),
  (76,'2007-01-12 15:05:16',3,'insert into log_usuario\r\n\t   \t\t\t\t\t\t(userid,datahora)\r\n\t\t\t\t\t\t\tvalues (3,''2007-01-12 15-05-16'')','/prc_login.php'),
  (77,'2007-01-15 13:26:54',1,'insert into log_usuario\r\n\t   \t\t\t\t\t\t(userid,datahora)\r\n\t\t\t\t\t\t\tvalues (1,''2007-01-15 13-26-54'')','/prc_login.php'),
  (78,'2007-01-15 17:06:11',6,'insert into log_usuario\r\n\t   \t\t\t\t\t\t(userid,datahora)\r\n\t\t\t\t\t\t\tvalues (6,''2007-01-15 17-06-11'')','/prc_login.php'),
  (79,'2007-01-17 07:27:14',7,'insert into log_usuario\r\n\t   \t\t\t\t\t\t(userid,datahora)\r\n\t\t\t\t\t\t\tvalues (7,''2007-01-17 07-27-14'')','/prc_login.php'),
  (80,'2007-01-17 14:45:48',3,'insert into log_usuario\r\n\t   \t\t\t\t\t\t(userid,datahora)\r\n\t\t\t\t\t\t\tvalues (3,''2007-01-17 14-45-48'')','/prc_login.php'),
  (81,'2007-01-18 05:50:39',6,'insert into log_usuario\r\n\t   \t\t\t\t\t\t(userid,datahora)\r\n\t\t\t\t\t\t\tvalues (6,''2007-01-18 05-50-39'')','/prc_login.php'),
  (82,'2007-01-18 07:42:46',1,'insert into log_usuario\r\n\t   \t\t\t\t\t\t(userid,datahora)\r\n\t\t\t\t\t\t\tvalues (1,''2007-01-18 07-42-46'')','/prc_login.php'),
  (83,'2007-01-18 15:07:12',3,'insert into log_usuario\r\n\t   \t\t\t\t\t\t(userid,datahora)\r\n\t\t\t\t\t\t\tvalues (3,''2007-01-18 15-07-12'')','/prc_login.php'),
  (84,'2007-01-19 04:16:59',6,'insert into log_usuario\r\n\t   \t\t\t\t\t\t(userid,datahora)\r\n\t\t\t\t\t\t\tvalues (6,''2007-01-19 04-16-59'')','/prc_login.php'),
  (85,'2007-01-20 16:01:41',1,'insert into log_usuario\r\n\t   \t\t\t\t\t\t(userid,datahora)\r\n\t\t\t\t\t\t\tvalues (1,''2007-01-20 16-01-41'')','/prc_login.php'),
  (86,'2007-01-21 11:45:58',1,'insert into log_usuario\r\n\t   \t\t\t\t\t\t(userid,datahora)\r\n\t\t\t\t\t\t\tvalues (1,''2007-01-21 11-45-58'')','/prc_login.php'),
  (87,'2007-01-21 11:52:54',8,'insert into log_usuario\r\n\t   \t\t\t\t\t\t(userid,datahora)\r\n\t\t\t\t\t\t\tvalues (8,''2007-01-21 11-52-54'')','/prc_login.php'),
  (88,'2007-01-21 11:59:42',7,'insert into log_usuario\r\n\t   \t\t\t\t\t\t(userid,datahora)\r\n\t\t\t\t\t\t\tvalues (7,''2007-01-21 11-59-42'')','/prc_login.php'),
  (89,'2007-01-21 12:05:31',7,'insert into log_usuario\r\n\t   \t\t\t\t\t\t(userid,datahora)\r\n\t\t\t\t\t\t\tvalues (7,''2007-01-21 12-05-31'')','/prc_login.php'),
  (90,'2007-01-23 09:21:27',18,'insert into log_usuario\r\n\t   \t\t\t\t\t\t(userid,datahora)\r\n\t\t\t\t\t\t\tvalues (18,''2007-01-23 09-21-27'')','/prc_login.php'),
  (91,'2007-01-23 13:25:32',1,'insert into log_usuario\r\n\t   \t\t\t\t\t\t(userid,datahora)\r\n\t\t\t\t\t\t\tvalues (1,''2007-01-23 13-25-32'')','/prc_login.php'),
  (92,'2007-01-24 16:37:07',3,'insert into log_usuario\r\n\t   \t\t\t\t\t\t(userid,datahora)\r\n\t\t\t\t\t\t\tvalues (3,''2007-01-24 16-37-07'')','/prc_login.php'),
  (93,'2007-01-25 14:03:47',6,'insert into log_usuario\r\n\t   \t\t\t\t\t\t(userid,datahora)\r\n\t\t\t\t\t\t\tvalues (6,''2007-01-25 14-03-47'')','/prc_login.php'),
  (94,'2007-01-26 12:55:08',3,'insert into log_usuario\r\n\t   \t\t\t\t\t\t(userid,datahora)\r\n\t\t\t\t\t\t\tvalues (3,''2007-01-26 12-55-08'')','/prc_login.php'),
  (95,'2007-01-26 13:33:07',6,'insert into log_usuario\r\n\t   \t\t\t\t\t\t(userid,datahora)\r\n\t\t\t\t\t\t\tvalues (6,''2007-01-26 13-33-07'')','/prc_login.php'),
  (96,'2007-01-26 17:31:49',3,'insert into log_usuario\r\n\t   \t\t\t\t\t\t(userid,datahora)\r\n\t\t\t\t\t\t\tvalues (3,''2007-01-26 17-31-49'')','/prc_login.php'),
  (97,'2007-01-26 18:20:23',10,'insert into log_usuario\r\n\t   \t\t\t\t\t\t(userid,datahora)\r\n\t\t\t\t\t\t\tvalues (10,''2007-01-26 18-20-23'')','/prc_login.php'),
  (98,'2007-01-26 18:43:02',3,'insert into log_usuario\r\n\t   \t\t\t\t\t\t(userid,datahora)\r\n\t\t\t\t\t\t\tvalues (3,''2007-01-26 18-43-02'')','/prc_login.php'),
  (99,'2007-01-26 19:03:51',1,'insert into log_usuario\r\n\t   \t\t\t\t\t\t(userid,datahora)\r\n\t\t\t\t\t\t\tvalues (1,''2007-01-26 19-03-51'')','/prc_login.php'),
  (100,'2007-01-28 20:41:05',8,'insert into log_usuario\r\n\t   \t\t\t\t\t\t(userid,datahora)\r\n\t\t\t\t\t\t\tvalues (8,''2007-01-28 20-41-05'')','/prc_login.php'),
  (101,'2007-01-29 07:08:08',2,'insert into log_usuario\r\n\t   \t\t\t\t\t\t(userid,datahora)\r\n\t\t\t\t\t\t\tvalues (2,''2007-01-29 07-08-08'')','/prc_login.php'),
  (102,'2007-01-29 20:44:14',8,'insert into log_usuario\r\n\t   \t\t\t\t\t\t(userid,datahora)\r\n\t\t\t\t\t\t\tvalues (8,''2007-01-29 20-44-14'')','/prc_login.php'),
  (103,'2007-01-30 05:14:17',22,'insert into log_usuario\r\n\t   \t\t\t\t\t\t(userid,datahora)\r\n\t\t\t\t\t\t\tvalues (22,''2007-01-30 05-14-17'')','/prc_login.php'),
  (104,'2007-01-30 06:13:02',8,'insert into log_usuario\r\n\t   \t\t\t\t\t\t(userid,datahora)\r\n\t\t\t\t\t\t\tvalues (8,''2007-01-30 06-13-02'')','/prc_login.php'),
  (105,'2007-01-31 06:21:48',6,'insert into log_usuario\r\n\t   \t\t\t\t\t\t(userid,datahora)\r\n\t\t\t\t\t\t\tvalues (6,''2007-01-31 06-21-48'')','/prc_login.php'),
  (106,'2007-01-31 18:20:47',3,'insert into log_usuario\r\n\t   \t\t\t\t\t\t(userid,datahora)\r\n\t\t\t\t\t\t\tvalues (3,''2007-01-31 18-20-47'')','/prc_login.php'),
  (107,'2007-02-01 07:16:14',6,'insert into log_usuario\r\n\t   \t\t\t\t\t\t(userid,datahora)\r\n\t\t\t\t\t\t\tvalues (6,''2007-02-01 07-16-14'')','/prc_login.php'),
  (108,'2007-02-01 18:08:57',3,'insert into log_usuario\r\n\t   \t\t\t\t\t\t(userid,datahora)\r\n\t\t\t\t\t\t\tvalues (3,''2007-02-01 18-08-57'')','/prc_login.php'),
  (109,'2007-02-02 06:44:05',1,'insert into log_usuario\r\n\t   \t\t\t\t\t\t(userid,datahora)\r\n\t\t\t\t\t\t\tvalues (1,''2007-02-02 06-44-05'')','/prc_login.php'),
  (110,'2007-02-02 07:55:05',2,'insert into log_usuario\r\n\t   \t\t\t\t\t\t(userid,datahora)\r\n\t\t\t\t\t\t\tvalues (2,''2007-02-02 07-55-05'')','/prc_login.php'),
  (111,'2007-02-02 08:09:27',1,'insert into log_usuario\r\n\t   \t\t\t\t\t\t(userid,datahora)\r\n\t\t\t\t\t\t\tvalues (1,''2007-02-02 08-09-27'')','/prc_login.php'),
  (112,'2007-02-02 11:41:09',23,'insert into log_usuario\r\n\t   \t\t\t\t\t\t(userid,datahora)\r\n\t\t\t\t\t\t\tvalues (23,''2007-02-02 11-41-09'')','/prc_login.php'),
  (113,'2007-02-02 12:18:31',10,'insert into log_usuario\r\n\t   \t\t\t\t\t\t(userid,datahora)\r\n\t\t\t\t\t\t\tvalues (10,''2007-02-02 12-18-31'')','/prc_login.php'),
  (114,'2007-02-02 13:11:46',3,'insert into log_usuario\r\n\t   \t\t\t\t\t\t(userid,datahora)\r\n\t\t\t\t\t\t\tvalues (3,''2007-02-02 13-11-46'')','/prc_login.php'),
  (115,'2007-02-02 15:01:15',23,'insert into log_usuario\r\n\t   \t\t\t\t\t\t(userid,datahora)\r\n\t\t\t\t\t\t\tvalues (23,''2007-02-02 15-01-15'')','/prc_login.php'),
  (116,'2007-02-02 19:32:01',18,'insert into log_usuario\r\n\t   \t\t\t\t\t\t(userid,datahora)\r\n\t\t\t\t\t\t\tvalues (18,''2007-02-02 19-32-01'')','/prc_login.php'),
  (117,'2007-02-04 16:59:32',1,'insert into log_usuario\r\n\t   \t\t\t\t\t\t(userid,datahora)\r\n\t\t\t\t\t\t\tvalues (1,''2007-02-04 16-59-32'')','/prc_login.php'),
  (118,'2007-02-04 20:52:35',8,'insert into log_usuario\r\n\t   \t\t\t\t\t\t(userid,datahora)\r\n\t\t\t\t\t\t\tvalues (8,''2007-02-04 20-52-35'')','/prc_login.php'),
  (119,'2007-02-04 21:09:14',8,'insert into log_usuario\r\n\t   \t\t\t\t\t\t(userid,datahora)\r\n\t\t\t\t\t\t\tvalues (8,''2007-02-04 21-09-14'')','/prc_login.php'),
  (120,'2007-02-05 08:29:23',18,'insert into log_usuario\r\n\t   \t\t\t\t\t\t(userid,datahora)\r\n\t\t\t\t\t\t\tvalues (18,''2007-02-05 08-29-23'')','/prc_login.php'),
  (121,'2007-02-05 08:38:32',18,'insert into log_usuario\r\n\t   \t\t\t\t\t\t(userid,datahora)\r\n\t\t\t\t\t\t\tvalues (18,''2007-02-05 08-38-32'')','/prc_login.php'),
  (122,'2007-02-06 21:16:55',3,'insert into log_usuario\r\n\t   \t\t\t\t\t\t(userid,datahora)\r\n\t\t\t\t\t\t\tvalues (3,''2007-02-06 21-16-55'')','/prc_login.php'),
  (123,'2007-02-07 13:46:37',18,'insert into log_usuario\r\n\t   \t\t\t\t\t\t(userid,datahora)\r\n\t\t\t\t\t\t\tvalues (18,''2007-02-07 13-46-37'')','/prc_login.php'),
  (124,'2007-02-07 21:53:32',1,'insert into log_usuario\r\n\t   \t\t\t\t\t\t(userid,datahora)\r\n\t\t\t\t\t\t\tvalues (1,''2007-02-07 21-53-32'')','/prc_login.php'),
  (125,'2007-02-07 22:00:15',18,'insert into log_usuario\r\n\t   \t\t\t\t\t\t(userid,datahora)\r\n\t\t\t\t\t\t\tvalues (18,''2007-02-07 22-00-15'')','/prc_login.php'),
  (126,'2007-02-09 08:21:23',7,'insert into log_usuario\r\n\t   \t\t\t\t\t\t(userid,datahora)\r\n\t\t\t\t\t\t\tvalues (7,''2007-02-09 08-21-23'')','/prc_login.php'),
  (127,'2007-02-09 08:28:45',7,'insert into log_usuario\r\n\t   \t\t\t\t\t\t(userid,datahora)\r\n\t\t\t\t\t\t\tvalues (7,''2007-02-09 08-28-45'')','/prc_login.php'),
  (128,'2007-02-09 15:53:33',6,'insert into log_usuario\r\n\t   \t\t\t\t\t\t(userid,datahora)\r\n\t\t\t\t\t\t\tvalues (6,''2007-02-09 15-53-33'')','/prc_login.php'),
  (129,'2007-02-09 19:36:11',3,'insert into log_usuario\r\n\t   \t\t\t\t\t\t(userid,datahora)\r\n\t\t\t\t\t\t\tvalues (3,''2007-02-09 19-36-11'')','/prc_login.php'),
  (130,'2007-02-09 21:03:26',1,'insert into log_usuario\r\n\t   \t\t\t\t\t\t(userid,datahora)\r\n\t\t\t\t\t\t\tvalues (1,''2007-02-09 21-03-26'')','/prc_login.php'),
  (131,'2007-02-11 14:40:32',1,'insert into log_usuario\r\n\t   \t\t\t\t\t\t(userid,datahora)\r\n\t\t\t\t\t\t\tvalues (1,''2007-02-11 14-40-32'')','/prc_login.php'),
  (132,'2007-02-12 10:01:34',6,'insert into log_usuario\r\n\t   \t\t\t\t\t\t(userid,datahora)\r\n\t\t\t\t\t\t\tvalues (6,''2007-02-12 10-01-34'')','/prc_login.php'),
  (133,'2007-02-13 07:14:38',7,'insert into log_usuario\r\n\t   \t\t\t\t\t\t(userid,datahora)\r\n\t\t\t\t\t\t\tvalues (7,''2007-02-13 07-14-38'')','/prc_login.php'),
  (134,'2007-02-14 21:52:16',18,'insert into log_usuario\r\n\t   \t\t\t\t\t\t(userid,datahora)\r\n\t\t\t\t\t\t\tvalues (18,''2007-02-14 21-52-16'')','/prc_login.php'),
  (135,'2007-02-15 07:30:37',23,'insert into log_usuario\r\n\t   \t\t\t\t\t\t(userid,datahora)\r\n\t\t\t\t\t\t\tvalues (23,''2007-02-15 07-30-37'')','/prc_login.php'),
  (136,'2007-02-16 17:29:09',6,'insert into log_usuario\r\n\t   \t\t\t\t\t\t(userid,datahora)\r\n\t\t\t\t\t\t\tvalues (6,''2007-02-16 17-29-09'')','/prc_login.php'),
  (137,'2007-02-16 20:27:39',3,'insert into log_usuario\r\n\t   \t\t\t\t\t\t(userid,datahora)\r\n\t\t\t\t\t\t\tvalues (3,''2007-02-16 20-27-39'')','/prc_login.php'),
  (138,'2007-02-23 17:34:32',23,'insert into log_usuario\r\n\t   \t\t\t\t\t\t(userid,datahora)\r\n\t\t\t\t\t\t\tvalues (23,''2007-02-23 17-34-32'')','/prc_login.php'),
  (139,'2007-02-23 19:08:56',18,'insert into log_usuario\r\n\t   \t\t\t\t\t\t(userid,datahora)\r\n\t\t\t\t\t\t\tvalues (18,''2007-02-23 19-08-56'')','/prc_login.php'),
  (140,'2007-02-24 09:31:50',1,'insert into log_usuario\r\n\t   \t\t\t\t\t\t(userid,datahora)\r\n\t\t\t\t\t\t\tvalues (1,''2007-02-24 09-31-50'')','/prc_login.php'),
  (141,'2007-02-24 09:53:06',10,'insert into log_usuario\r\n\t   \t\t\t\t\t\t(userid,datahora)\r\n\t\t\t\t\t\t\tvalues (10,''2007-02-24 09-53-06'')','/prc_login.php'),
  (142,'2007-02-28 19:13:18',18,'insert into log_usuario\r\n\t   \t\t\t\t\t\t(userid,datahora)\r\n\t\t\t\t\t\t\tvalues (18,''2007-02-28 19-13-18'')','/prc_login.php'),
  (143,'2007-03-01 18:42:01',26,'insert into log_usuario\r\n\t   \t\t\t\t\t\t(userid,datahora)\r\n\t\t\t\t\t\t\tvalues (26,''2007-03-01 18-42-01'')','/prc_login.php'),
  (144,'2007-03-01 18:45:21',26,'insert into log_usuario\r\n\t   \t\t\t\t\t\t(userid,datahora)\r\n\t\t\t\t\t\t\tvalues (26,''2007-03-01 18-45-21'')','/prc_login.php'),
  (145,'2007-03-01 21:03:24',3,'insert into log_usuario\r\n\t   \t\t\t\t\t\t(userid,datahora)\r\n\t\t\t\t\t\t\tvalues (3,''2007-03-01 21-03-24'')','/prc_login.php'),
  (146,'2007-03-02 07:26:33',27,'insert into log_usuario\r\n\t   \t\t\t\t\t\t(userid,datahora)\r\n\t\t\t\t\t\t\tvalues (27,''2007-03-02 07-26-33'')','/prc_login.php'),
  (147,'2007-03-02 10:21:10',23,'insert into log_usuario\r\n\t   \t\t\t\t\t\t(userid,datahora)\r\n\t\t\t\t\t\t\tvalues (23,''2007-03-02 10-21-10'')','/prc_login.php'),
  (148,'2007-03-02 11:43:33',26,'insert into log_usuario\r\n\t   \t\t\t\t\t\t(userid,datahora)\r\n\t\t\t\t\t\t\tvalues (26,''2007-03-02 11-43-33'')','/prc_login.php'),
  (149,'2007-03-02 14:23:21',10,'insert into log_usuario\r\n\t   \t\t\t\t\t\t(userid,datahora)\r\n\t\t\t\t\t\t\tvalues (10,''2007-03-02 14-23-21'')','/prc_login.php'),
  (150,'2007-03-02 17:44:15',6,'insert into log_usuario\r\n\t   \t\t\t\t\t\t(userid,datahora)\r\n\t\t\t\t\t\t\tvalues (6,''2007-03-02 17-44-15'')','/prc_login.php'),
  (151,'2007-03-02 18:18:21',26,'insert into log_usuario\r\n\t   \t\t\t\t\t\t(userid,datahora)\r\n\t\t\t\t\t\t\tvalues (26,''2007-03-02 18-18-21'')','/prc_login.php'),
  (152,'2007-03-02 19:12:48',3,'insert into log_usuario\r\n\t   \t\t\t\t\t\t(userid,datahora)\r\n\t\t\t\t\t\t\tvalues (3,''2007-03-02 19-12-48'')','/prc_login.php'),
  (153,'2007-03-02 20:56:41',1,'insert into log_usuario\r\n\t   \t\t\t\t\t\t(userid,datahora)\r\n\t\t\t\t\t\t\tvalues (1,''2007-03-02 20-56-41'')','/prc_login.php'),
  (154,'2007-03-02 21:51:26',10,'insert into log_usuario\r\n\t   \t\t\t\t\t\t(userid,datahora)\r\n\t\t\t\t\t\t\tvalues (10,''2007-03-02 21-51-26'')','/prc_login.php'),
  (155,'2007-03-04 14:27:45',26,'insert into log_usuario\r\n\t   \t\t\t\t\t\t(userid,datahora)\r\n\t\t\t\t\t\t\tvalues (26,''2007-03-04 14-27-45'')','/prc_login.php'),
  (156,'2007-03-04 16:02:27',29,'insert into log_usuario\r\n\t   \t\t\t\t\t\t(userid,datahora)\r\n\t\t\t\t\t\t\tvalues (29,''2007-03-04 16-02-27'')','/prc_login.php'),
  (157,'2007-03-04 16:03:03',29,'insert into log_usuario\r\n\t   \t\t\t\t\t\t(userid,datahora)\r\n\t\t\t\t\t\t\tvalues (29,''2007-03-04 16-03-03'')','/prc_login.php'),
  (158,'2007-03-04 19:33:54',29,'insert into log_usuario\r\n\t   \t\t\t\t\t\t(userid,datahora)\r\n\t\t\t\t\t\t\tvalues (29,''2007-03-04 19-33-54'')','/prc_login.php'),
  (159,'2007-03-04 19:40:10',29,'insert into log_usuario\r\n\t   \t\t\t\t\t\t(userid,datahora)\r\n\t\t\t\t\t\t\tvalues (29,''2007-03-04 19-40-10'')','/prc_login.php'),
  (160,'2007-03-04 19:46:15',29,'insert into log_usuario\r\n\t   \t\t\t\t\t\t(userid,datahora)\r\n\t\t\t\t\t\t\tvalues (29,''2007-03-04 19-46-15'')','/prc_login.php'),
  (161,'2007-03-04 19:49:28',29,'insert into log_usuario\r\n\t   \t\t\t\t\t\t(userid,datahora)\r\n\t\t\t\t\t\t\tvalues (29,''2007-03-04 19-49-28'')','/prc_login.php'),
  (162,'2007-03-05 11:16:10',18,'insert into log_usuario\r\n\t   \t\t\t\t\t\t(userid,datahora)\r\n\t\t\t\t\t\t\tvalues (18,''2007-03-05 11-16-10'')','/prc_login.php'),
  (163,'2007-03-05 21:23:04',1,'insert into log_usuario\r\n\t   \t\t\t\t\t\t(userid,datahora)\r\n\t\t\t\t\t\t\tvalues (1,''2007-03-05 21-23-04'')','/prc_login.php'),
  (164,'2007-03-05 21:29:40',1,'insert into log_usuario\r\n\t   \t\t\t\t\t\t(userid,datahora)\r\n\t\t\t\t\t\t\tvalues (1,''2007-03-05 21-29-40'')','/prc_login.php'),
  (165,'2007-03-06 22:13:40',18,'insert into log_usuario\r\n\t   \t\t\t\t\t\t(userid,datahora)\r\n\t\t\t\t\t\t\tvalues (18,''2007-03-06 22-13-40'')','/prc_login.php'),
  (166,'2007-03-07 17:17:28',18,'insert into log_usuario\r\n\t   \t\t\t\t\t\t(userid,datahora)\r\n\t\t\t\t\t\t\tvalues (18,''2007-03-07 17-17-28'')','/prc_login.php'),
  (167,'2007-03-07 17:17:31',18,'insert into log_usuario\r\n\t   \t\t\t\t\t\t(userid,datahora)\r\n\t\t\t\t\t\t\tvalues (18,''2007-03-07 17-17-31'')','/prc_login.php'),
  (168,'2007-03-08 07:14:38',7,'insert into log_usuario\r\n\t   \t\t\t\t\t\t(userid,datahora)\r\n\t\t\t\t\t\t\tvalues (7,''2007-03-08 07-14-38'')','/prc_login.php'),
  (169,'2007-03-08 07:54:13',26,'insert into log_usuario\r\n\t   \t\t\t\t\t\t(userid,datahora)\r\n\t\t\t\t\t\t\tvalues (26,''2007-03-08 07-54-13'')','/prc_login.php'),
  (170,'2007-03-09 14:54:22',18,'insert into log_usuario\r\n\t   \t\t\t\t\t\t(userid,datahora)\r\n\t\t\t\t\t\t\tvalues (18,''2007-03-09 14-54-22'')','/prc_login.php'),
  (171,'2007-03-09 15:35:19',18,'insert into log_usuario\r\n\t   \t\t\t\t\t\t(userid,datahora)\r\n\t\t\t\t\t\t\tvalues (18,''2007-03-09 15-35-19'')','/prc_login.php'),
  (172,'2007-03-09 15:48:35',33,'insert into log_usuario\r\n\t   \t\t\t\t\t\t(userid,datahora)\r\n\t\t\t\t\t\t\tvalues (33,''2007-03-09 15-48-35'')','/prc_login.php'),
  (173,'2007-03-13 10:54:15',18,'insert into log_usuario\r\n\t   \t\t\t\t\t\t(userid,datahora)\r\n\t\t\t\t\t\t\tvalues (18,''2007-03-13 10-54-15'')','/prc_login.php'),
  (174,'2007-03-13 18:51:37',18,'insert into log_usuario\r\n\t   \t\t\t\t\t\t(userid,datahora)\r\n\t\t\t\t\t\t\tvalues (18,''2007-03-13 18-51-37'')','/prc_login.php'),
  (175,'2007-03-15 22:22:26',7,'insert into log_usuario\r\n\t   \t\t\t\t\t\t(userid,datahora)\r\n\t\t\t\t\t\t\tvalues (7,''2007-03-15 22-22-26'')','/prc_login.php'),
  (176,'2007-03-16 09:34:16',6,'insert into log_usuario\r\n\t   \t\t\t\t\t\t(userid,datahora)\r\n\t\t\t\t\t\t\tvalues (6,''2007-03-16 09-34-16'')','/prc_login.php'),
  (177,'2007-03-16 18:51:20',23,'insert into log_usuario\r\n\t   \t\t\t\t\t\t(userid,datahora)\r\n\t\t\t\t\t\t\tvalues (23,''2007-03-16 18-51-20'')','/prc_login.php'),
  (178,'2007-03-23 19:36:03',18,'insert into log_usuario\r\n\t   \t\t\t\t\t\t(userid,datahora)\r\n\t\t\t\t\t\t\tvalues (18,''2007-03-23 19-36-03'')','/prc_login.php'),
  (179,'2007-03-23 20:03:04',7,'insert into log_usuario\r\n\t   \t\t\t\t\t\t(userid,datahora)\r\n\t\t\t\t\t\t\tvalues (7,''2007-03-23 20-03-04'')','/prc_login.php'),
  (180,'2007-03-23 20:20:27',3,'insert into log_usuario\r\n\t   \t\t\t\t\t\t(userid,datahora)\r\n\t\t\t\t\t\t\tvalues (3,''2007-03-23 20-20-27'')','/prc_login.php'),
  (181,'2007-03-24 11:05:11',23,'insert into log_usuario\r\n\t   \t\t\t\t\t\t(userid,datahora)\r\n\t\t\t\t\t\t\tvalues (23,''2007-03-24 11-05-11'')','/prc_login.php'),
  (182,'2007-03-26 19:12:37',34,'insert into log_usuario\r\n\t   \t\t\t\t\t\t(userid,datahora)\r\n\t\t\t\t\t\t\tvalues (34,''2007-03-26 19-12-37'')','/prc_login.php'),
  (183,'2007-03-26 19:26:31',34,'insert into log_usuario\r\n\t   \t\t\t\t\t\t(userid,datahora)\r\n\t\t\t\t\t\t\tvalues (34,''2007-03-26 19-26-31'')','/prc_login.php'),
  (184,'2007-03-27 19:15:32',35,'insert into log_usuario\r\n\t   \t\t\t\t\t\t(userid,datahora)\r\n\t\t\t\t\t\t\tvalues (35,''2007-03-27 19-15-32'')','/prc_login.php'),
  (185,'2007-03-28 19:00:22',34,'insert into log_usuario\r\n\t   \t\t\t\t\t\t(userid,datahora)\r\n\t\t\t\t\t\t\tvalues (34,''2007-03-28 19-00-22'')','/prc_login.php'),
  (186,'2007-03-29 21:52:39',29,'insert into log_usuario\r\n\t   \t\t\t\t\t\t(userid,datahora)\r\n\t\t\t\t\t\t\tvalues (29,''2007-03-29 21-52-39'')','/prc_login.php'),
  (187,'2007-03-29 22:04:23',7,'insert into log_usuario\r\n\t   \t\t\t\t\t\t(userid,datahora)\r\n\t\t\t\t\t\t\tvalues (7,''2007-03-29 22-04-23'')','/prc_login.php'),
  (188,'2007-03-30 07:37:52',35,'insert into log_usuario\r\n\t   \t\t\t\t\t\t(userid,datahora)\r\n\t\t\t\t\t\t\tvalues (35,''2007-03-30 07-37-52'')','/prc_login.php'),
  (189,'2007-03-30 17:19:09',36,'insert into log_usuario\r\n\t   \t\t\t\t\t\t(userid,datahora)\r\n\t\t\t\t\t\t\tvalues (36,''2007-03-30 17-19-09'')','/prc_login.php'),
  (190,'2007-03-30 20:53:14',18,'insert into log_usuario\r\n\t   \t\t\t\t\t\t(userid,datahora)\r\n\t\t\t\t\t\t\tvalues (18,''2007-03-30 20-53-14'')','/prc_login.php'),
  (191,'2007-03-31 10:56:05',7,'insert into log_usuario\r\n\t   \t\t\t\t\t\t(userid,datahora)\r\n\t\t\t\t\t\t\tvalues (7,''2007-03-31 10-56-05'')','/prc_login.php'),
  (192,'2007-03-31 11:30:02',23,'insert into log_usuario\r\n\t   \t\t\t\t\t\t(userid,datahora)\r\n\t\t\t\t\t\t\tvalues (23,''2007-03-31 11-30-02'')','/prc_login.php'),
  (193,'2007-03-31 12:13:55',1,'insert into log_usuario\r\n\t   \t\t\t\t\t\t(userid,datahora)\r\n\t\t\t\t\t\t\tvalues (1,''2007-03-31 12-13-55'')','/prc_login.php'),
  (194,'2007-04-01 10:41:59',1,'insert into log_usuario\r\n\t   \t\t\t\t\t\t(userid,datahora)\r\n\t\t\t\t\t\t\tvalues (1,''2007-04-01 10-41-59'')','/prc_login.php'),
  (195,'2007-04-01 22:44:28',37,'insert into log_usuario\r\n\t   \t\t\t\t\t\t(userid,datahora)\r\n\t\t\t\t\t\t\tvalues (37,''2007-04-01 22-44-28'')','/prc_login.php'),
  (196,'2007-04-03 23:40:01',1,'insert into log_usuario\r\n\t   \t\t\t\t\t\t(userid,datahora)\r\n\t\t\t\t\t\t\tvalues (1,''2007-04-03 23-40-01'')','/prc_login.php'),
  (197,'2007-04-04 15:09:53',28,'insert into log_usuario\r\n\t   \t\t\t\t\t\t(userid,datahora)\r\n\t\t\t\t\t\t\tvalues (28,''2007-04-04 15-09-53'')','/prc_login.php'),
  (198,'2007-04-04 19:41:08',34,'insert into log_usuario\r\n\t   \t\t\t\t\t\t(userid,datahora)\r\n\t\t\t\t\t\t\tvalues (34,''2007-04-04 19-41-08'')','/prc_login.php'),
  (199,'2007-04-06 20:29:46',3,'insert into log_usuario\r\n\t   \t\t\t\t\t\t(userid,datahora)\r\n\t\t\t\t\t\t\tvalues (3,''2007-04-06 20-29-46'')','/prc_login.php'),
  (200,'2007-04-08 16:39:52',1,'insert into log_usuario\r\n\t   \t\t\t\t\t\t(userid,datahora)\r\n\t\t\t\t\t\t\tvalues (1,''2007-04-08 16-39-52'')','/prc_login.php'),
  (201,'2007-04-10 21:56:16',7,'insert into log_usuario\r\n\t   \t\t\t\t\t\t(userid,datahora)\r\n\t\t\t\t\t\t\tvalues (7,''2007-04-10 21-56-16'')','/prc_login.php'),
  (202,'2007-04-11 08:25:52',6,'insert into log_usuario\r\n\t   \t\t\t\t\t\t(userid,datahora)\r\n\t\t\t\t\t\t\tvalues (6,''2007-04-11 08-25-52'')','/prc_login.php'),
  (203,'2007-04-11 09:04:45',3,'insert into log_usuario\r\n\t   \t\t\t\t\t\t(userid,datahora)\r\n\t\t\t\t\t\t\tvalues (3,''2007-04-11 09-04-45'')','/prc_login.php'),
  (204,'2007-04-11 09:08:26',18,'insert into log_usuario\r\n\t   \t\t\t\t\t\t(userid,datahora)\r\n\t\t\t\t\t\t\tvalues (18,''2007-04-11 09-08-26'')','/prc_login.php'),
  (205,'2007-04-11 09:09:03',3,'insert into log_usuario\r\n\t   \t\t\t\t\t\t(userid,datahora)\r\n\t\t\t\t\t\t\tvalues (3,''2007-04-11 09-09-03'')','/prc_login.php'),
  (206,'2007-04-11 09:13:14',18,'insert into log_usuario\r\n\t   \t\t\t\t\t\t(userid,datahora)\r\n\t\t\t\t\t\t\tvalues (18,''2007-04-11 09-13-14'')','/prc_login.php'),
  (207,'2007-04-11 11:34:08',1,'insert into log_usuario\r\n\t   \t\t\t\t\t\t(userid,datahora)\r\n\t\t\t\t\t\t\tvalues (1,''2007-04-11 11-34-08'')','/prc_login.php'),
  (208,'2007-04-12 00:04:50',6,'insert into log_usuario\r\n\t   \t\t\t\t\t\t(userid,datahora)\r\n\t\t\t\t\t\t\tvalues (6,''2007-04-12 00-04-50'')','/prc_login.php'),
  (209,'2007-04-12 21:51:57',6,'insert into log_usuario\r\n\t   \t\t\t\t\t\t(userid,datahora)\r\n\t\t\t\t\t\t\tvalues (6,''2007-04-12 21-51-57'')','/prc_login.php'),
  (210,'2007-04-13 08:11:26',1,'insert into log_usuario\r\n\t   \t\t\t\t\t\t(userid,datahora)\r\n\t\t\t\t\t\t\tvalues (1,''2007-04-13 08-11-26'')','/prc_login.php'),
  (211,'2007-04-13 17:30:27',28,'insert into log_usuario\r\n\t   \t\t\t\t\t\t(userid,datahora)\r\n\t\t\t\t\t\t\tvalues (28,''2007-04-13 17-30-27'')','/prc_login.php'),
  (212,'2007-04-13 18:07:57',23,'insert into log_usuario\r\n\t   \t\t\t\t\t\t(userid,datahora)\r\n\t\t\t\t\t\t\tvalues (23,''2007-04-13 18-07-57'')','/prc_login.php'),
  (213,'2007-04-13 19:39:26',7,'insert into log_usuario\r\n\t   \t\t\t\t\t\t(userid,datahora)\r\n\t\t\t\t\t\t\tvalues (7,''2007-04-13 19-39-26'')','/prc_login.php'),
  (214,'2007-04-13 21:47:01',7,'insert into log_usuario\r\n\t   \t\t\t\t\t\t(userid,datahora)\r\n\t\t\t\t\t\t\tvalues (7,''2007-04-13 21-47-01'')','/prc_login.php'),
  (215,'2007-04-13 23:16:57',6,'insert into log_usuario\r\n\t   \t\t\t\t\t\t(userid,datahora)\r\n\t\t\t\t\t\t\tvalues (6,''2007-04-13 23-16-57'')','/prc_login.php'),
  (216,'2007-04-14 08:17:04',1,'insert into log_usuario\r\n\t   \t\t\t\t\t\t(userid,datahora)\r\n\t\t\t\t\t\t\tvalues (1,''2007-04-14 08-17-04'')','/prc_login.php'),
  (217,'2007-04-14 11:02:16',38,'insert into log_usuario\r\n\t   \t\t\t\t\t\t(userid,datahora)\r\n\t\t\t\t\t\t\tvalues (38,''2007-04-14 11-02-16'')','/prc_login.php'),
  (218,'2007-04-14 11:11:51',38,'insert into log_usuario\r\n\t   \t\t\t\t\t\t(userid,datahora)\r\n\t\t\t\t\t\t\tvalues (38,''2007-04-14 11-11-51'')','/prc_login.php'),
  (219,'2007-04-14 22:43:59',38,'insert into log_usuario\r\n\t   \t\t\t\t\t\t(userid,datahora)\r\n\t\t\t\t\t\t\tvalues (38,''2007-04-14 22-43-59'')','/prc_login.php'),
  (220,'2007-04-15 16:57:21',15,'insert into log_usuario\r\n\t   \t\t\t\t\t\t(userid,datahora)\r\n\t\t\t\t\t\t\tvalues (15,''2007-04-15 16-57-21'')','/prc_login.php'),
  (221,'2007-04-15 18:21:14',1,'insert into log_usuario\r\n\t   \t\t\t\t\t\t(userid,datahora)\r\n\t\t\t\t\t\t\tvalues (1,''2007-04-15 18-21-14'')','/prc_login.php'),
  (222,'2007-04-16 12:00:10',1,'insert into log_usuario\r\n\t   \t\t\t\t\t\t(userid,datahora)\r\n\t\t\t\t\t\t\tvalues (1,''2007-04-16 12-00-10'')','/prc_login.php'),
  (223,'2007-04-16 12:17:40',1,'insert into log_usuario\r\n\t   \t\t\t\t\t\t(userid,datahora)\r\n\t\t\t\t\t\t\tvalues (1,''2007-04-16 12-17-40'')','/prc_login.php'),
  (224,'2007-04-16 23:57:29',6,'insert into log_usuario\r\n\t   \t\t\t\t\t\t(userid,datahora)\r\n\t\t\t\t\t\t\tvalues (6,''2007-04-16 23-57-29'')','/prc_login.php'),
  (225,'2007-04-17 10:13:34',26,'insert into log_usuario\r\n\t   \t\t\t\t\t\t(userid,datahora)\r\n\t\t\t\t\t\t\tvalues (26,''2007-04-17 10-13-34'')','/prc_login.php'),
  (226,'2007-04-17 21:58:21',38,'insert into log_usuario\r\n\t   \t\t\t\t\t\t(userid,datahora)\r\n\t\t\t\t\t\t\tvalues (38,''2007-04-17 21-58-21'')','/prc_login.php'),
  (227,'2007-04-17 22:23:40',15,'insert into log_usuario\r\n\t   \t\t\t\t\t\t(userid,datahora)\r\n\t\t\t\t\t\t\tvalues (15,''2007-04-17 22-23-40'')','/prc_login.php'),
  (228,'2007-04-17 23:58:37',1,'insert into log_usuario\r\n\t   \t\t\t\t\t\t(userid,datahora)\r\n\t\t\t\t\t\t\tvalues (1,''2007-04-17 23-58-37'')','/prc_login.php'),
  (229,'2007-04-18 00:23:38',40,'insert into log_usuario\r\n\t   \t\t\t\t\t\t(userid,datahora)\r\n\t\t\t\t\t\t\tvalues (40,''2007-04-18 00-23-38'')','/prc_login.php'),
  (230,'2007-04-18 10:10:24',40,'insert into log_usuario\r\n\t   \t\t\t\t\t\t(userid,datahora)\r\n\t\t\t\t\t\t\tvalues (40,''2007-04-18 10-10-24'')','/prc_login.php'),
  (231,'2007-04-18 15:02:11',40,'insert into log_usuario\r\n\t   \t\t\t\t\t\t(userid,datahora)\r\n\t\t\t\t\t\t\tvalues (40,''2007-04-18 15-02-11'')','/prc_login.php'),
  (232,'2007-04-18 19:58:28',1,'insert into log_usuario\r\n\t   \t\t\t\t\t\t(userid,datahora)\r\n\t\t\t\t\t\t\tvalues (1,''2007-04-18 19-58-28'')','/prc_login.php'),
  (233,'2007-04-18 20:22:43',1,'insert into log_usuario\r\n\t   \t\t\t\t\t\t(userid,datahora)\r\n\t\t\t\t\t\t\tvalues (1,''2007-04-18 20-22-43'')','/prc_login.php'),
  (234,'2007-04-18 21:55:36',1,'insert into log_usuario\r\n\t   \t\t\t\t\t\t(userid,datahora)\r\n\t\t\t\t\t\t\tvalues (1,''2007-04-18 21-55-36'')','/prc_login.php'),
  (235,'2007-04-18 22:40:14',18,'insert into log_usuario\r\n\t   \t\t\t\t\t\t(userid,datahora)\r\n\t\t\t\t\t\t\tvalues (18,''2007-04-18 22-40-14'')','/prc_login.php'),
  (236,'2007-04-19 09:01:39',6,'insert into log_usuario\r\n\t   \t\t\t\t\t\t(userid,datahora)\r\n\t\t\t\t\t\t\tvalues (6,''2007-04-19 09-01-39'')','/prc_login.php'),
  (237,'2007-04-19 09:26:43',1,'insert into log_usuario\r\n\t   \t\t\t\t\t\t(userid,datahora)\r\n\t\t\t\t\t\t\tvalues (1,''2007-04-19 09-26-43'')','/prc_login.php'),
  (238,'2007-04-19 09:29:25',23,'insert into log_usuario\r\n\t   \t\t\t\t\t\t(userid,datahora)\r\n\t\t\t\t\t\t\tvalues (23,''2007-04-19 09-29-25'')','/prc_login.php'),
  (239,'2007-04-19 10:30:31',40,'insert into log_usuario\r\n\t   \t\t\t\t\t\t(userid,datahora)\r\n\t\t\t\t\t\t\tvalues (40,''2007-04-19 10-30-31'')','/prc_login.php'),
  (240,'2007-04-19 12:38:18',40,'insert into log_usuario\r\n\t   \t\t\t\t\t\t(userid,datahora)\r\n\t\t\t\t\t\t\tvalues (40,''2007-04-19 12-38-18'')','/prc_login.php'),
  (241,'2007-04-20 15:10:53',10,'insert into log_usuario\r\n\t   \t\t\t\t\t\t(userid,datahora)\r\n\t\t\t\t\t\t\tvalues (10,''2007-04-20 15-10-53'')','/prc_login.php'),
  (242,'2007-04-20 15:40:47',26,'insert into log_usuario\r\n\t   \t\t\t\t\t\t(userid,datahora)\r\n\t\t\t\t\t\t\tvalues (26,''2007-04-20 15-40-47'')','/prc_login.php'),
  (243,'2007-04-20 16:16:30',1,'insert into log_usuario\r\n\t   \t\t\t\t\t\t(userid,datahora)\r\n\t\t\t\t\t\t\tvalues (1,''2007-04-20 16-16-30'')','/prc_login.php'),
  (244,'2007-04-20 16:27:02',6,'insert into log_usuario\r\n\t   \t\t\t\t\t\t(userid,datahora)\r\n\t\t\t\t\t\t\tvalues (6,''2007-04-20 16-27-02'')','/prc_login.php'),
  (245,'2007-04-21 15:05:32',40,'insert into log_usuario\r\n\t   \t\t\t\t\t\t(userid,datahora)\r\n\t\t\t\t\t\t\tvalues (40,''2007-04-21 15-05-32'')','/prc_login.php'),
  (246,'2007-04-21 17:34:35',40,'insert into log_usuario\r\n\t   \t\t\t\t\t\t(userid,datahora)\r\n\t\t\t\t\t\t\tvalues (40,''2007-04-21 17-34-35'')','/prc_login.php'),
  (247,'2007-04-27 09:38:49',1,'insert into log_usuario\r\n\t   \t\t\t\t\t\t(userid,datahora)\r\n\t\t\t\t\t\t\tvalues (1,''2007-04-27 09-38-49'')','/prc_login.php'),
  (248,'2007-04-27 14:18:25',35,'insert into log_usuario\r\n\t   \t\t\t\t\t\t(userid,datahora)\r\n\t\t\t\t\t\t\tvalues (35,''2007-04-27 14-18-25'')','/prc_login.php'),
  (249,'2007-04-27 19:23:27',18,'insert into log_usuario\r\n\t   \t\t\t\t\t\t(userid,datahora)\r\n\t\t\t\t\t\t\tvalues (18,''2007-04-27 19-23-27'')','/prc_login.php'),
  (250,'2007-04-27 19:30:25',18,'insert into log_usuario\r\n\t   \t\t\t\t\t\t(userid,datahora)\r\n\t\t\t\t\t\t\tvalues (18,''2007-04-27 19-30-25'')','/prc_login.php'),
  (251,'2007-04-27 21:09:45',1,'insert into log_usuario\r\n\t   \t\t\t\t\t\t(userid,datahora)\r\n\t\t\t\t\t\t\tvalues (1,''2007-04-27 21-09-45'')','/prc_login.php'),
  (252,'2007-04-28 08:29:25',37,'insert into log_usuario\r\n\t   \t\t\t\t\t\t(userid,datahora)\r\n\t\t\t\t\t\t\tvalues (37,''2007-04-28 08-29-25'')','/prc_login.php'),
  (253,'2007-04-28 10:01:13',10,'insert into log_usuario\r\n\t   \t\t\t\t\t\t(userid,datahora)\r\n\t\t\t\t\t\t\tvalues (10,''2007-04-28 10-01-13'')','/prc_login.php'),
  (254,'2007-04-28 10:16:54',1,'insert into log_usuario\r\n\t   \t\t\t\t\t\t(userid,datahora)\r\n\t\t\t\t\t\t\tvalues (1,''2007-04-28 10-16-54'')','/prc_login.php'),
  (255,'2007-04-28 10:29:14',1,'insert into log_usuario\r\n\t   \t\t\t\t\t\t(userid,datahora)\r\n\t\t\t\t\t\t\tvalues (1,''2007-04-28 10-29-14'')','/prc_login.php'),
  (256,'2007-04-28 11:56:59',26,'insert into log_usuario\r\n\t   \t\t\t\t\t\t(userid,datahora)\r\n\t\t\t\t\t\t\tvalues (26,''2007-04-28 11-56-59'')','/prc_login.php'),
  (257,'2007-04-28 13:49:16',1,'insert into log_usuario\r\n\t   \t\t\t\t\t\t(userid,datahora)\r\n\t\t\t\t\t\t\tvalues (1,''2007-04-28 13-49-16'')','/prc_login.php'),
  (258,'2007-04-28 22:22:53',37,'insert into log_usuario\r\n\t   \t\t\t\t\t\t(userid,datahora)\r\n\t\t\t\t\t\t\tvalues (37,''2007-04-28 22-22-53'')','/prc_login.php'),
  (259,'2007-04-29 14:26:41',40,'insert into log_usuario\r\n\t   \t\t\t\t\t\t(userid,datahora)\r\n\t\t\t\t\t\t\tvalues (40,''2007-04-29 14-26-41'')','/prc_login.php'),
  (260,'2007-04-29 14:53:27',26,'insert into log_usuario\r\n\t   \t\t\t\t\t\t(userid,datahora)\r\n\t\t\t\t\t\t\tvalues (26,''2007-04-29 14-53-27'')','/prc_login.php'),
  (261,'2007-04-29 16:28:06',1,'insert into log_usuario\r\n\t   \t\t\t\t\t\t(userid,datahora)\r\n\t\t\t\t\t\t\tvalues (1,''2007-04-29 16-28-06'')','/prc_login.php'),
  (262,'2007-04-30 10:22:16',6,'insert into log_usuario\r\n\t   \t\t\t\t\t\t(userid,datahora)\r\n\t\t\t\t\t\t\tvalues (6,''2007-04-30 10-22-16'')','/prc_login.php'),
  (263,'2007-05-02 09:39:45',3,'insert into log_usuario\r\n\t   \t\t\t\t\t\t(userid,datahora)\r\n\t\t\t\t\t\t\tvalues (3,''2007-05-02 09-39-45'')','/prc_login.php'),
  (264,'2007-05-03 13:44:18',1,'insert into log_usuario\r\n\t   \t\t\t\t\t\t(userid,datahora)\r\n\t\t\t\t\t\t\tvalues (1,''2007-05-03 13-44-18'')','/prc_login.php'),
  (265,'2007-05-03 14:38:18',6,'insert into log_usuario\r\n\t   \t\t\t\t\t\t(userid,datahora)\r\n\t\t\t\t\t\t\tvalues (6,''2007-05-03 14-38-18'')','/prc_login.php'),
  (266,'2007-05-03 21:59:12',1,'insert into log_usuario\r\n\t   \t\t\t\t\t\t(userid,datahora)\r\n\t\t\t\t\t\t\tvalues (1,''2007-05-03 21-59-12'')','/prc_login.php'),
  (267,'2007-05-04 08:04:31',6,'insert into log_usuario\r\n\t   \t\t\t\t\t\t(userid,datahora)\r\n\t\t\t\t\t\t\tvalues (6,''2007-05-04 08-04-31'')','/prc_login.php'),
  (268,'2007-05-04 10:26:54',23,'insert into log_usuario\r\n\t   \t\t\t\t\t\t(userid,datahora)\r\n\t\t\t\t\t\t\tvalues (23,''2007-05-04 10-26-54'')','/prc_login.php'),
  (269,'2007-05-04 17:01:21',28,'insert into log_usuario\r\n\t   \t\t\t\t\t\t(userid,datahora)\r\n\t\t\t\t\t\t\tvalues (28,''2007-05-04 17-01-21'')','/prc_login.php'),
  (270,'2007-05-04 20:43:35',18,'insert into log_usuario\r\n\t   \t\t\t\t\t\t(userid,datahora)\r\n\t\t\t\t\t\t\tvalues (18,''2007-05-04 20-43-35'')','/prc_login.php'),
  (271,'2007-05-04 21:26:59',1,'insert into log_usuario\r\n\t   \t\t\t\t\t\t(userid,datahora)\r\n\t\t\t\t\t\t\tvalues (1,''2007-05-04 21-26-59'')','/prc_login.php'),
  (272,'2007-05-05 09:50:32',23,'insert into log_usuario\r\n\t   \t\t\t\t\t\t(userid,datahora)\r\n\t\t\t\t\t\t\tvalues (23,''2007-05-05 09-50-32'')','/prc_login.php'),
  (273,'2007-05-05 12:51:57',6,'insert into log_usuario\r\n\t   \t\t\t\t\t\t(userid,datahora)\r\n\t\t\t\t\t\t\tvalues (6,''2007-05-05 12-51-57'')','/prc_login.php'),
  (274,'2007-05-05 13:15:56',23,'insert into log_usuario\r\n\t   \t\t\t\t\t\t(userid,datahora)\r\n\t\t\t\t\t\t\tvalues (23,''2007-05-05 13-15-56'')','/prc_login.php'),
  (275,'2007-05-05 23:51:27',38,'insert into log_usuario\r\n\t   \t\t\t\t\t\t(userid,datahora)\r\n\t\t\t\t\t\t\tvalues (38,''2007-05-05 23-51-27'')','/prc_login.php'),
  (276,'2007-05-06 19:38:58',18,'insert into log_usuario\r\n\t   \t\t\t\t\t\t(userid,datahora)\r\n\t\t\t\t\t\t\tvalues (18,''2007-05-06 19-38-58'')','/prc_login.php'),
  (277,'2007-05-07 20:19:21',1,'insert into log_usuario\r\n\t   \t\t\t\t\t\t(userid,datahora)\r\n\t\t\t\t\t\t\tvalues (1,''2007-05-07 20-19-21'')','/prc_login.php'),
  (278,'2007-05-07 20:55:10',1,'insert into log_usuario\r\n\t   \t\t\t\t\t\t(userid,datahora)\r\n\t\t\t\t\t\t\tvalues (1,''2007-05-07 20-55-10'')','/prc_login.php'),
  (279,'2007-05-07 21:51:17',1,'insert into log_usuario\r\n\t   \t\t\t\t\t\t(userid,datahora)\r\n\t\t\t\t\t\t\tvalues (1,''2007-05-07 21-51-17'')','/prc_login.php'),
  (280,'2007-05-07 22:06:29',8,'insert into log_usuario\r\n\t   \t\t\t\t\t\t(userid,datahora)\r\n\t\t\t\t\t\t\tvalues (8,''2007-05-07 22-06-29'')','/prc_login.php'),
  (281,'2007-05-08 09:01:07',38,'insert into log_usuario\r\n\t   \t\t\t\t\t\t(userid,datahora)\r\n\t\t\t\t\t\t\tvalues (38,''2007-05-08 09-01-07'')','/prc_login.php'),
  (282,'2007-05-08 12:51:37',40,'insert into log_usuario\r\n\t   \t\t\t\t\t\t(userid,datahora)\r\n\t\t\t\t\t\t\tvalues (40,''2007-05-08 12-51-37'')','/prc_login.php'),
  (283,'2007-05-08 16:03:25',6,'insert into log_usuario\r\n\t   \t\t\t\t\t\t(userid,datahora)\r\n\t\t\t\t\t\t\tvalues (6,''2007-05-08 16-03-25'')','/prc_login.php'),
  (284,'2007-05-08 18:19:07',26,'insert into log_usuario\r\n\t   \t\t\t\t\t\t(userid,datahora)\r\n\t\t\t\t\t\t\tvalues (26,''2007-05-08 18-19-07'')','/prc_login.php'),
  (285,'2007-05-09 15:09:09',40,'insert into log_usuario\r\n\t   \t\t\t\t\t\t(userid,datahora)\r\n\t\t\t\t\t\t\tvalues (40,''2007-05-09 15-09-09'')','/prc_login.php'),
  (286,'2007-05-10 07:47:30',1,'insert into log_usuario\r\n\t   \t\t\t\t\t\t(userid,datahora)\r\n\t\t\t\t\t\t\tvalues (1,''2007-05-10 07-47-30'')','/prc_login.php'),
  (287,'2007-05-10 12:17:33',15,'insert into log_usuario\r\n\t   \t\t\t\t\t\t(userid,datahora)\r\n\t\t\t\t\t\t\tvalues (15,''2007-05-10 12-17-33'')','/prc_login.php'),
  (288,'2007-05-10 12:31:30',15,'insert into log_usuario\r\n\t   \t\t\t\t\t\t(userid,datahora)\r\n\t\t\t\t\t\t\tvalues (15,''2007-05-10 12-31-30'')','/prc_login.php'),
  (289,'2007-05-13 11:33:44',32,'insert into log_usuario\r\n\t   \t\t\t\t\t\t(userid,datahora)\r\n\t\t\t\t\t\t\tvalues (32,''2007-05-13 11-33-44'')','/prc_login.php'),
  (290,'2007-05-13 11:35:19',32,'insert into log_usuario\r\n\t   \t\t\t\t\t\t(userid,datahora)\r\n\t\t\t\t\t\t\tvalues (32,''2007-05-13 11-35-19'')','/prc_login.php'),
  (291,'2007-05-13 11:50:13',1,'insert into log_usuario\r\n\t   \t\t\t\t\t\t(userid,datahora)\r\n\t\t\t\t\t\t\tvalues (1,''2007-05-13 11-50-13'')','/prc_login.php'),
  (292,'2007-05-14 12:19:06',1,'insert into log_usuario\r\n\t   \t\t\t\t\t\t(userid,datahora)\r\n\t\t\t\t\t\t\tvalues (1,''2007-05-14 12-19-06'')','/prc_login.php'),
  (293,'2007-05-14 13:09:19',40,'insert into log_usuario\r\n\t   \t\t\t\t\t\t(userid,datahora)\r\n\t\t\t\t\t\t\tvalues (40,''2007-05-14 13-09-19'')','/prc_login.php'),
  (294,'2007-05-14 13:12:35',40,'insert into log_usuario\r\n\t   \t\t\t\t\t\t(userid,datahora)\r\n\t\t\t\t\t\t\tvalues (40,''2007-05-14 13-12-35'')','/prc_login.php'),
  (295,'2007-05-14 21:43:07',1,'insert into log_usuario\r\n\t   \t\t\t\t\t\t(userid,datahora)\r\n\t\t\t\t\t\t\tvalues (1,''2007-05-14 21-43-07'')','/prc_login.php'),
  (296,'2007-05-15 12:43:23',15,'insert into log_usuario\r\n\t   \t\t\t\t\t\t(userid,datahora)\r\n\t\t\t\t\t\t\tvalues (15,''2007-05-15 12-43-23'')','/prc_login.php'),
  (297,'2007-05-15 18:38:34',43,'insert into log_usuario\r\n\t   \t\t\t\t\t\t(userid,datahora)\r\n\t\t\t\t\t\t\tvalues (43,''2007-05-15 18-38-34'')','/prc_login.php'),
  (298,'2007-05-16 10:36:46',23,'insert into log_usuario\r\n\t   \t\t\t\t\t\t(userid,datahora)\r\n\t\t\t\t\t\t\tvalues (23,''2007-05-16 10-36-46'')','/prc_login.php'),
  (299,'2007-05-16 12:53:29',1,'insert into log_usuario\r\n\t   \t\t\t\t\t\t(userid,datahora)\r\n\t\t\t\t\t\t\tvalues (1,''2007-05-16 12-53-29'')','/prc_login.php'),
  (300,'2007-05-16 13:09:24',40,'insert into log_usuario\r\n\t   \t\t\t\t\t\t(userid,datahora)\r\n\t\t\t\t\t\t\tvalues (40,''2007-05-16 13-09-24'')','/prc_login.php'),
  (301,'2007-05-16 16:37:18',44,'insert into log_usuario\r\n\t   \t\t\t\t\t\t(userid,datahora)\r\n\t\t\t\t\t\t\tvalues (44,''2007-05-16 16-37-18'')','/prc_login.php'),
  (302,'2007-05-16 19:07:48',1,'insert into log_usuario\r\n\t   \t\t\t\t\t\t(userid,datahora)\r\n\t\t\t\t\t\t\tvalues (1,''2007-05-16 19-07-48'')','/prc_login.php'),
  (303,'2007-05-16 19:19:22',7,'insert into log_usuario\r\n\t   \t\t\t\t\t\t(userid,datahora)\r\n\t\t\t\t\t\t\tvalues (7,''2007-05-16 19-19-22'')','/prc_login.php'),
  (304,'2007-05-17 08:10:50',3,'insert into log_usuario\r\n\t   \t\t\t\t\t\t(userid,datahora)\r\n\t\t\t\t\t\t\tvalues (3,''2007-05-17 08-10-50'')','/prc_login.php'),
  (305,'2007-05-17 21:05:09',43,'insert into log_usuario\r\n\t   \t\t\t\t\t\t(userid,datahora)\r\n\t\t\t\t\t\t\tvalues (43,''2007-05-17 21-05-09'')','/prc_login.php'),
  (306,'2007-05-17 21:58:30',1,'insert into log_usuario\r\n\t   \t\t\t\t\t\t(userid,datahora)\r\n\t\t\t\t\t\t\tvalues (1,''2007-05-17 21-58-30'')','/prc_login.php'),
  (307,'2007-05-18 08:17:25',28,'insert into log_usuario\r\n\t   \t\t\t\t\t\t(userid,datahora)\r\n\t\t\t\t\t\t\tvalues (28,''2007-05-18 08-17-25'')','/prc_login.php'),
  (308,'2007-05-18 08:29:22',1,'insert into log_usuario\r\n\t   \t\t\t\t\t\t(userid,datahora)\r\n\t\t\t\t\t\t\tvalues (1,''2007-05-18 08-29-22'')','/prc_login.php'),
  (309,'2007-05-18 11:44:43',1,'insert into log_usuario\r\n\t   \t\t\t\t\t\t(userid,datahora)\r\n\t\t\t\t\t\t\tvalues (1,''2007-05-18 11-44-43'')','/prc_login.php');

COMMIT;

#
# Data for the `log_usuario` table  (LIMIT 0,500)
#

INSERT INTO `log_usuario` (`sequencia`, `userid`, `datahora`) VALUES 
  (1,1,'2006-11-28 23:43:52'),
  (2,1,'2006-11-28 23:49:14'),
  (3,1,'2006-11-29 19:33:43'),
  (4,3,'2006-11-29 20:27:39'),
  (5,4,'2006-11-29 21:52:34'),
  (6,3,'2006-11-30 22:46:49'),
  (7,1,'2006-12-02 00:17:51'),
  (8,5,'2006-12-02 17:12:24'),
  (9,1,'2006-12-02 20:31:35'),
  (10,6,'2006-12-04 09:45:24'),
  (11,1,'2006-12-04 15:20:04'),
  (12,3,'2006-12-04 21:37:22'),
  (13,1,'2006-12-04 23:34:43'),
  (14,6,'2006-12-05 10:26:14'),
  (15,7,'2006-12-05 14:21:18'),
  (16,6,'2006-12-05 14:24:29'),
  (17,1,'2006-12-05 21:52:33'),
  (18,1,'2006-12-05 23:39:12'),
  (19,1,'2006-12-06 08:59:50'),
  (20,2,'2006-12-06 11:51:29'),
  (21,7,'2006-12-06 12:26:00'),
  (22,6,'2006-12-06 14:04:57'),
  (23,5,'2006-12-06 19:24:45'),
  (24,7,'2006-12-06 23:05:17'),
  (25,8,'2006-12-06 23:41:53'),
  (26,3,'2006-12-07 15:23:20'),
  (27,1,'2006-12-07 21:08:00'),
  (28,6,'2006-12-08 11:20:07'),
  (29,3,'2006-12-08 20:28:54'),
  (30,1,'2006-12-12 00:18:24'),
  (31,1,'2006-12-12 10:14:39'),
  (32,5,'2006-12-12 20:02:18'),
  (33,5,'2006-12-12 20:03:12'),
  (34,7,'2006-12-13 07:08:23'),
  (35,6,'2006-12-13 08:41:23'),
  (36,3,'2006-12-15 21:30:16'),
  (37,7,'2006-12-15 21:31:29'),
  (38,1,'2006-12-15 23:27:14'),
  (39,10,'2006-12-16 16:21:46'),
  (40,10,'2006-12-16 21:00:12'),
  (41,1,'2006-12-17 14:03:40'),
  (42,1,'2006-12-17 15:29:48'),
  (43,1,'2006-12-17 15:53:36'),
  (44,1,'2006-12-17 17:09:11'),
  (45,10,'2006-12-17 18:11:21'),
  (46,14,'2006-12-17 18:20:39'),
  (47,1,'2006-12-17 18:45:22'),
  (48,1,'2006-12-17 18:56:13'),
  (49,14,'2006-12-18 13:01:46'),
  (50,3,'2006-12-18 20:47:58'),
  (51,1,'2006-12-19 22:04:43'),
  (52,1,'2006-12-19 22:08:09'),
  (53,10,'2006-12-20 13:23:00'),
  (54,1,'2006-12-22 08:19:27'),
  (55,1,'2006-12-22 08:24:58'),
  (56,1,'2006-12-23 20:42:29'),
  (57,6,'2006-12-28 12:02:36'),
  (58,1,'2006-12-28 12:59:33'),
  (59,6,'2006-12-28 13:06:42'),
  (60,3,'2006-12-29 19:57:55'),
  (61,10,'2006-12-30 11:14:28'),
  (62,10,'2006-12-30 20:36:04'),
  (63,1,'2006-12-30 22:19:52'),
  (64,1,'2006-12-30 23:16:20'),
  (65,1,'2006-12-31 14:22:54'),
  (66,1,'2007-01-01 12:03:26'),
  (67,6,'2007-01-02 11:23:43'),
  (68,6,'2007-01-02 13:57:05'),
  (69,1,'2007-01-05 13:21:23'),
  (70,6,'2007-01-05 17:44:57'),
  (71,3,'2007-01-05 19:27:11'),
  (72,10,'2007-01-05 22:44:39'),
  (73,5,'2007-01-06 22:11:11'),
  (74,18,'2007-01-09 14:31:45'),
  (75,6,'2007-01-12 07:31:07'),
  (76,3,'2007-01-12 15:05:16'),
  (77,1,'2007-01-15 13:26:54'),
  (78,6,'2007-01-15 17:06:11'),
  (79,7,'2007-01-17 07:27:14'),
  (80,3,'2007-01-17 14:45:48'),
  (81,6,'2007-01-18 05:50:39'),
  (82,1,'2007-01-18 07:42:46'),
  (83,3,'2007-01-18 15:07:12'),
  (84,6,'2007-01-19 04:16:59'),
  (85,1,'2007-01-20 16:01:41'),
  (86,1,'2007-01-21 11:45:58'),
  (87,8,'2007-01-21 11:52:54'),
  (88,7,'2007-01-21 11:59:42'),
  (89,7,'2007-01-21 12:05:31'),
  (90,18,'2007-01-23 09:21:27'),
  (91,1,'2007-01-23 13:25:32'),
  (92,3,'2007-01-24 16:37:07'),
  (93,6,'2007-01-25 14:03:47'),
  (94,3,'2007-01-26 12:55:08'),
  (95,6,'2007-01-26 13:33:07'),
  (96,3,'2007-01-26 17:31:49'),
  (97,10,'2007-01-26 18:20:23'),
  (98,3,'2007-01-26 18:43:02'),
  (99,1,'2007-01-26 19:03:51'),
  (100,8,'2007-01-28 20:41:05'),
  (101,2,'2007-01-29 07:08:08'),
  (102,8,'2007-01-29 20:44:14'),
  (103,22,'2007-01-30 05:14:17'),
  (104,8,'2007-01-30 06:13:02'),
  (105,6,'2007-01-31 06:21:48'),
  (106,3,'2007-01-31 18:20:47'),
  (107,6,'2007-02-01 07:16:14'),
  (108,3,'2007-02-01 18:08:57'),
  (109,1,'2007-02-02 06:44:05'),
  (110,2,'2007-02-02 07:55:05'),
  (111,1,'2007-02-02 08:09:27'),
  (112,23,'2007-02-02 11:41:09'),
  (113,10,'2007-02-02 12:18:31'),
  (114,3,'2007-02-02 13:11:46'),
  (115,23,'2007-02-02 15:01:15'),
  (116,18,'2007-02-02 19:32:01'),
  (117,1,'2007-02-04 16:59:32'),
  (118,8,'2007-02-04 20:52:35'),
  (119,8,'2007-02-04 21:09:14'),
  (120,18,'2007-02-05 08:29:23'),
  (121,18,'2007-02-05 08:38:32'),
  (122,3,'2007-02-06 21:16:55'),
  (123,18,'2007-02-07 13:46:37'),
  (124,1,'2007-02-07 21:53:32'),
  (125,18,'2007-02-07 22:00:15'),
  (126,7,'2007-02-09 08:21:23'),
  (127,7,'2007-02-09 08:28:45'),
  (128,6,'2007-02-09 15:53:33'),
  (129,3,'2007-02-09 19:36:11'),
  (130,1,'2007-02-09 21:03:26'),
  (131,1,'2007-02-11 14:40:32'),
  (132,6,'2007-02-12 10:01:34'),
  (133,7,'2007-02-13 07:14:38'),
  (134,18,'2007-02-14 21:52:16'),
  (135,23,'2007-02-15 07:30:37'),
  (136,6,'2007-02-16 17:29:09'),
  (137,3,'2007-02-16 20:27:39'),
  (138,23,'2007-02-23 17:34:32'),
  (139,18,'2007-02-23 19:08:56'),
  (140,1,'2007-02-24 09:31:50'),
  (141,10,'2007-02-24 09:53:06'),
  (142,18,'2007-02-28 19:13:18'),
  (143,26,'2007-03-01 18:42:01'),
  (144,26,'2007-03-01 18:45:21'),
  (145,3,'2007-03-01 21:03:24'),
  (146,27,'2007-03-02 07:26:33'),
  (147,23,'2007-03-02 10:21:10'),
  (148,26,'2007-03-02 11:43:33'),
  (149,10,'2007-03-02 14:23:21'),
  (150,6,'2007-03-02 17:44:15'),
  (151,26,'2007-03-02 18:18:21'),
  (152,3,'2007-03-02 19:12:48'),
  (153,1,'2007-03-02 20:56:41'),
  (154,10,'2007-03-02 21:51:26'),
  (155,26,'2007-03-04 14:27:45'),
  (156,29,'2007-03-04 16:02:27'),
  (157,29,'2007-03-04 16:03:03'),
  (158,29,'2007-03-04 19:33:54'),
  (159,29,'2007-03-04 19:40:10'),
  (160,29,'2007-03-04 19:46:15'),
  (161,29,'2007-03-04 19:49:28'),
  (162,18,'2007-03-05 11:16:10'),
  (163,1,'2007-03-05 21:23:04'),
  (164,1,'2007-03-05 21:29:40'),
  (165,18,'2007-03-06 22:13:40'),
  (166,18,'2007-03-07 17:17:28'),
  (167,18,'2007-03-07 17:17:31'),
  (168,7,'2007-03-08 07:14:38'),
  (169,26,'2007-03-08 07:54:13'),
  (170,18,'2007-03-09 14:54:22'),
  (171,18,'2007-03-09 15:35:19'),
  (172,33,'2007-03-09 15:48:35'),
  (173,18,'2007-03-13 10:54:15'),
  (174,18,'2007-03-13 18:51:37'),
  (175,7,'2007-03-15 22:22:26'),
  (176,6,'2007-03-16 09:34:16'),
  (177,23,'2007-03-16 18:51:20'),
  (178,18,'2007-03-23 19:36:03'),
  (179,7,'2007-03-23 20:03:04'),
  (180,3,'2007-03-23 20:20:27'),
  (181,23,'2007-03-24 11:05:11'),
  (182,34,'2007-03-26 19:12:37'),
  (183,34,'2007-03-26 19:26:31'),
  (184,35,'2007-03-27 19:15:32'),
  (185,34,'2007-03-28 19:00:22'),
  (186,29,'2007-03-29 21:52:39'),
  (187,7,'2007-03-29 22:04:23'),
  (188,35,'2007-03-30 07:37:52'),
  (189,36,'2007-03-30 17:19:09'),
  (190,18,'2007-03-30 20:53:14'),
  (191,7,'2007-03-31 10:56:05'),
  (192,23,'2007-03-31 11:30:02'),
  (193,1,'2007-03-31 12:13:55'),
  (194,1,'2007-04-01 10:41:59'),
  (195,37,'2007-04-01 22:44:28'),
  (196,1,'2007-04-03 23:40:01'),
  (197,28,'2007-04-04 15:09:53'),
  (198,34,'2007-04-04 19:41:08'),
  (199,3,'2007-04-06 20:29:46'),
  (200,1,'2007-04-08 16:39:52'),
  (201,7,'2007-04-10 21:56:16'),
  (202,6,'2007-04-11 08:25:52'),
  (203,3,'2007-04-11 09:04:45'),
  (204,18,'2007-04-11 09:08:26'),
  (205,3,'2007-04-11 09:09:03'),
  (206,18,'2007-04-11 09:13:14'),
  (207,1,'2007-04-11 11:34:08'),
  (208,6,'2007-04-12 00:04:50'),
  (209,6,'2007-04-12 21:51:57'),
  (210,1,'2007-04-13 08:11:26'),
  (211,28,'2007-04-13 17:30:27'),
  (212,23,'2007-04-13 18:07:57'),
  (213,7,'2007-04-13 19:39:26'),
  (214,7,'2007-04-13 21:47:01'),
  (215,6,'2007-04-13 23:16:57'),
  (216,1,'2007-04-14 08:17:04'),
  (217,38,'2007-04-14 11:02:16'),
  (218,38,'2007-04-14 11:11:51'),
  (219,38,'2007-04-14 22:43:59'),
  (220,15,'2007-04-15 16:57:21'),
  (221,1,'2007-04-15 18:21:14'),
  (222,1,'2007-04-16 12:00:10'),
  (223,1,'2007-04-16 12:17:40'),
  (224,6,'2007-04-16 23:57:29'),
  (225,26,'2007-04-17 10:13:34'),
  (226,38,'2007-04-17 21:58:21'),
  (227,15,'2007-04-17 22:23:40'),
  (228,1,'2007-04-17 23:58:37'),
  (229,40,'2007-04-18 00:23:38'),
  (230,40,'2007-04-18 10:10:24'),
  (231,40,'2007-04-18 15:02:11'),
  (232,1,'2007-04-18 19:58:28'),
  (233,1,'2007-04-18 20:22:43'),
  (234,1,'2007-04-18 21:55:36'),
  (235,18,'2007-04-18 22:40:14'),
  (236,6,'2007-04-19 09:01:39'),
  (237,1,'2007-04-19 09:26:43'),
  (238,23,'2007-04-19 09:29:25'),
  (239,40,'2007-04-19 10:30:31'),
  (240,40,'2007-04-19 12:38:18'),
  (241,10,'2007-04-20 15:10:53'),
  (242,26,'2007-04-20 15:40:47'),
  (243,1,'2007-04-20 16:16:30'),
  (244,6,'2007-04-20 16:27:02'),
  (245,40,'2007-04-21 15:05:32'),
  (246,40,'2007-04-21 17:34:35'),
  (247,1,'2007-04-27 09:38:49'),
  (248,35,'2007-04-27 14:18:25'),
  (249,18,'2007-04-27 19:23:27'),
  (250,18,'2007-04-27 19:30:25'),
  (251,1,'2007-04-27 21:09:45'),
  (252,37,'2007-04-28 08:29:25'),
  (253,10,'2007-04-28 10:01:13'),
  (254,1,'2007-04-28 10:16:54'),
  (255,1,'2007-04-28 10:29:14'),
  (256,26,'2007-04-28 11:56:59'),
  (257,1,'2007-04-28 13:49:16'),
  (258,37,'2007-04-28 22:22:53'),
  (259,40,'2007-04-29 14:26:41'),
  (260,26,'2007-04-29 14:53:27'),
  (261,1,'2007-04-29 16:28:06'),
  (262,6,'2007-04-30 10:22:16'),
  (263,3,'2007-05-02 09:39:45'),
  (264,1,'2007-05-03 13:44:18'),
  (265,6,'2007-05-03 14:38:18'),
  (266,1,'2007-05-03 21:59:12'),
  (267,6,'2007-05-04 08:04:31'),
  (268,23,'2007-05-04 10:26:54'),
  (269,28,'2007-05-04 17:01:21'),
  (270,18,'2007-05-04 20:43:35'),
  (271,1,'2007-05-04 21:26:59'),
  (272,23,'2007-05-05 09:50:32'),
  (273,6,'2007-05-05 12:51:57'),
  (274,23,'2007-05-05 13:15:56'),
  (275,38,'2007-05-05 23:51:27'),
  (276,18,'2007-05-06 19:38:58'),
  (277,1,'2007-05-07 20:19:21'),
  (278,1,'2007-05-07 20:55:10'),
  (279,1,'2007-05-07 21:51:17'),
  (280,8,'2007-05-07 22:06:29'),
  (281,38,'2007-05-08 09:01:07'),
  (282,40,'2007-05-08 12:51:37'),
  (283,6,'2007-05-08 16:03:25'),
  (284,26,'2007-05-08 18:19:07'),
  (285,40,'2007-05-09 15:09:09'),
  (286,1,'2007-05-10 07:47:30'),
  (287,15,'2007-05-10 12:17:33'),
  (288,15,'2007-05-10 12:31:30'),
  (289,32,'2007-05-13 11:33:44'),
  (290,32,'2007-05-13 11:35:19'),
  (291,1,'2007-05-13 11:50:13'),
  (292,1,'2007-05-14 12:19:06'),
  (293,40,'2007-05-14 13:09:19'),
  (294,40,'2007-05-14 13:12:35'),
  (295,1,'2007-05-14 21:43:07'),
  (296,15,'2007-05-15 12:43:23'),
  (297,43,'2007-05-15 18:38:34'),
  (298,23,'2007-05-16 10:36:46'),
  (299,1,'2007-05-16 12:53:29'),
  (300,40,'2007-05-16 13:09:24'),
  (301,44,'2007-05-16 16:37:18'),
  (302,1,'2007-05-16 19:07:48'),
  (303,7,'2007-05-16 19:19:22'),
  (304,3,'2007-05-17 08:10:50'),
  (305,43,'2007-05-17 21:05:09'),
  (306,1,'2007-05-17 21:58:30'),
  (307,28,'2007-05-18 08:17:25'),
  (308,1,'2007-05-18 08:29:22'),
  (309,1,'2007-05-18 11:44:43');

COMMIT;

