<?xml version="1.0"?>
<!DOCTYPE modification SYSTEM "http://www.simplemachines.org/xml/modification">
<!-- - - - - - - - - - - - - - - - - - - - - - - - - - - - - - - - - - - - - - -
    Modification file for Anti-Spam Verification Questions

	ATTENTION: If you are trying to install this manually, you should try
	the package manager.  If it will not work for you, please take a look
	at the following for information on this format:
		http://mods.simplemachines.org/docs/manual-install.php

 	Copyright (c) 2008 by Deprecated (at) Earthlink (dot) net. All rights reserved.
	Redistribution prohibited except at SimpleMachines.org

 - - - - - - - - - - - - - - - - - - - - - - - - - - - - - - - - - - - - - - -->

<modification xmlns="http://www.simplemachines.org/xml/modification" xmlns:smf="http://www.simplemachines.org/">

	<id>Deprecated:Anti_Spam_Verification_Questions</id>

	<version>1.02</version>

	<file name="$sourcedir/Register.php">
		<operation>
			<search position="after"><![CDATA[
	// Are they under age, and under age users are banned?]]></search>
			<add><![CDATA[
	// Did they answer the verification questions correctly?
	if (!empty($modSettings['anti_spam_ver_enable']))
		if (	(!empty($modSettings['anti_spam_ver_ques_1']) && strcmp(strtolower($modSettings['anti_spam_ver_ans_1']), isset($_POST['anti_spam_ver_resp_1']) ? strtolower($_POST['anti_spam_ver_resp_1']) : '')) ||
				(!empty($modSettings['anti_spam_ver_ques_2']) && strcmp(strtolower($modSettings['anti_spam_ver_ans_2']), isset($_POST['anti_spam_ver_resp_2']) ? strtolower($_POST['anti_spam_ver_resp_2']) : '')) ||
				(!empty($modSettings['anti_spam_ver_ques_3']) && strcmp(strtolower($modSettings['anti_spam_ver_ans_3']), isset($_POST['anti_spam_ver_resp_3']) ? strtolower($_POST['anti_spam_ver_resp_3']) : '')) ||
				(!empty($modSettings['anti_spam_ver_ques_4']) && strcmp(strtolower($modSettings['anti_spam_ver_ans_4']), isset($_POST['anti_spam_ver_resp_4']) ? strtolower($_POST['anti_spam_ver_resp_4']) : '')) ||
				(!empty($modSettings['anti_spam_ver_ques_5']) && strcmp(strtolower($modSettings['anti_spam_ver_ans_5']), isset($_POST['anti_spam_ver_resp_5']) ? strtolower($_POST['anti_spam_ver_resp_5']) : ''))
			)
			fatal_lang_error('anti_spam_ver_failed', false);
]]></add>
		</operation>
	</file>

	<file name="$sourcedir/ManageRegistration.php">
		<operation>
			<search position="before"><![CDATA[
			'coppaPhone' => !empty($_POST['coppaPhone']) ? $_POST['coppaPhone'] : '',]]></search>
			<add><![CDATA[
			'anti_spam_ver_enable' => isset($_POST['anti_spam_ver_enable']) ? 1 : 0,
			'anti_spam_ver_ques_1' => !empty($_POST['anti_spam_ver_ques_1']) ? $_POST['anti_spam_ver_ques_1'] : '',
			'anti_spam_ver_ans_1' => !empty($_POST['anti_spam_ver_ans_1']) ? $_POST['anti_spam_ver_ans_1'] : '',
			'anti_spam_ver_ques_2' => !empty($_POST['anti_spam_ver_ques_2']) ? $_POST['anti_spam_ver_ques_2'] : '',
			'anti_spam_ver_ans_2' => !empty($_POST['anti_spam_ver_ans_2']) ? $_POST['anti_spam_ver_ans_2'] : '',
			'anti_spam_ver_ques_3' => !empty($_POST['anti_spam_ver_ques_3']) ? $_POST['anti_spam_ver_ques_3'] : '',
			'anti_spam_ver_ans_3' => !empty($_POST['anti_spam_ver_ans_3']) ? $_POST['anti_spam_ver_ans_3'] : '',
			'anti_spam_ver_ques_4' => !empty($_POST['anti_spam_ver_ques_4']) ? $_POST['anti_spam_ver_ques_4'] : '',
			'anti_spam_ver_ans_4' => !empty($_POST['anti_spam_ver_ans_4']) ? $_POST['anti_spam_ver_ans_4'] : '',
			'anti_spam_ver_ques_5' => !empty($_POST['anti_spam_ver_ques_5']) ? $_POST['anti_spam_ver_ques_5'] : '',
			'anti_spam_ver_ans_5' => !empty($_POST['anti_spam_ver_ans_5']) ? $_POST['anti_spam_ver_ans_5'] : '',]]></add>
		</operation>
	</file>

	<file name="$themedir/Register.template.php">
		<operation>
			<search position="after"><![CDATA[
	// Are there age restrictions in place?]]></search>
			<add><![CDATA[
	// Are there any verification questions to answer?
	if (!empty($modSettings['anti_spam_ver_enable']))
	{
		if (!empty($modSettings['anti_spam_ver_ques_1']))
			echo '
					<tr valign="top">
						<td width="40%">
							<b>', $modSettings['anti_spam_ver_ques_1'], ':</b>
						</td>
						<td valign="top">
							<input type="text" name="anti_spam_ver_resp_1" size="30" tabindex="', $context['tabindex']++, '" />
						</td>
					</tr>';
		if (!empty($modSettings['anti_spam_ver_ques_2']))
			echo '
					<tr valign="top">
						<td width="40%">
							<b>', $modSettings['anti_spam_ver_ques_2'], ':</b>
						</td>
						<td valign="top">
							<input type="text" name="anti_spam_ver_resp_2" size="30" tabindex="', $context['tabindex']++, '" />
						</td>
					</tr>';
		if (!empty($modSettings['anti_spam_ver_ques_3']))
			echo '
					<tr valign="top">
						<td width="40%">
							<b>', $modSettings['anti_spam_ver_ques_3'], ':</b>
						</td>
						<td valign="top">
							<input type="text" name="anti_spam_ver_resp_3" size="30" tabindex="', $context['tabindex']++, '" />
						</td>
					</tr>';
		if (!empty($modSettings['anti_spam_ver_ques_4']))
			echo '
					<tr valign="top">
						<td width="40%">
							<b>', $modSettings['anti_spam_ver_ques_4'], ':</b>
						</td>
						<td valign="top">
							<input type="text" name="anti_spam_ver_resp_4" size="30" tabindex="', $context['tabindex']++, '" />
						</td>
					</tr>';
		if (!empty($modSettings['anti_spam_ver_ques_5']))
			echo '
					<tr valign="top">
						<td width="40%">
							<b>', $modSettings['anti_spam_ver_ques_5'], ':</b>
						</td>
						<td valign="top">
							<input type="text" name="anti_spam_ver_resp_5" size="30" tabindex="', $context['tabindex']++, '" />
						</td>
					</tr>';
	}
]]></add>
		</operation>
		<operation>
			<search position="replace"><![CDATA[
						</tr><tr class="windowbg2">
							<td width="100%" colspan="2" align="center">
								<hr />
							</td>
						</tr><tr class="windowbg2" valign="top">]]></search>
			<add><![CDATA[
						</tr>
					</table>
				</td>
			</tr>
			<tr class="titlebg">
				<td align="center">', $txt['anti_spam_ver_title'], '</td>
			</tr>
			<tr class="windowbg2">
				<td align="center">
					<table border="0" cellspacing="0" cellpadding="4" align="center" width="100%">
						<tr class="windowbg2">
							<th width="50%" align="right">
								<label for="anti_spam_ver_enable_check">', $txt['anti_spam_ver_enable'], '</label>:
							</th>
							<td width="50%" align="left">
								<input type="checkbox" name="anti_spam_ver_enable" id="anti_spam_ver_enable_check"', !empty($modSettings['anti_spam_ver_enable']) ? ' checked="checked"' : '', ' class="check" />
							</td>
						</tr><tr class="windowbg2">
							<td colspan="2">', $txt['anti_spam_ver_descr'], '</td>
						</tr><tr class="windowbg2">
							<td width="50%" align="center">
							<b>', $txt['anti_spam_ver_ques_col'], '</b>
							</td>
							<td width="50%" align="center">
							<b>', $txt['anti_spam_ver_ans_col'], '</b>
							</td>
						</tr><tr class="windowbg2">
							<td width="50%" align="right">
								<input type="text" name="anti_spam_ver_ques_1" id="anti_spam_ver_ques_1_input" value="', !empty($modSettings['anti_spam_ver_ques_1']) ? $modSettings['anti_spam_ver_ques_1'] : '', '" size="60%" maxlength="60" />
							</td>
							<td width="50%" align="left">
								<input type="text" name="anti_spam_ver_ans_1" id="anti_spam_ver_ans_1_input" value="', !empty($modSettings['anti_spam_ver_ans_1']) ? $modSettings['anti_spam_ver_ans_1'] : '', '" size="60%" maxlength="60" />
							</td>
						</tr><tr class="windowbg2">
							<td width="50%" align="right">
								<input type="text" name="anti_spam_ver_ques_2" id="anti_spam_ver_ques_2_input" value="', !empty($modSettings['anti_spam_ver_ques_2']) ? $modSettings['anti_spam_ver_ques_2'] : '', '" size="60%" maxlength="60" />
							</td>
							<td width="50%" align="left">
								<input type="text" name="anti_spam_ver_ans_2" id="anti_spam_ver_ans_2_input" value="', !empty($modSettings['anti_spam_ver_ans_2']) ? $modSettings['anti_spam_ver_ans_2'] : '', '" size="60%" maxlength="60" />
							</td>
						</tr><tr class="windowbg2">
							<td width="50%" align="right">
								<input type="text" name="anti_spam_ver_ques_3" id="anti_spam_ver_ques_3_input" value="', !empty($modSettings['anti_spam_ver_ques_3']) ? $modSettings['anti_spam_ver_ques_3'] : '', '" size="60%" maxlength="60" />
							</td>
							<td width="50%" align="left">
								<input type="text" name="anti_spam_ver_ans_3" id="anti_spam_ver_ans_3_input" value="', !empty($modSettings['anti_spam_ver_ans_3']) ? $modSettings['anti_spam_ver_ans_3'] : '', '" size="60%" maxlength="60" />
							</td>
						</tr><tr class="windowbg2">
							<td width="50%" align="right">
								<input type="text" name="anti_spam_ver_ques_4" id="anti_spam_ver_ques_4_input" value="', !empty($modSettings['anti_spam_ver_ques_4']) ? $modSettings['anti_spam_ver_ques_4'] : '', '" size="60%" maxlength="60" />
							</td>
							<td width="50%" align="left">
								<input type="text" name="anti_spam_ver_ans_4" id="anti_spam_ver_ans_4_input" value="', !empty($modSettings['anti_spam_ver_ans_4']) ? $modSettings['anti_spam_ver_ans_4'] : '', '" size="60%" maxlength="60" />
							</td>
						</tr><tr class="windowbg2">
							<td width="50%" align="right">
								<input type="text" name="anti_spam_ver_ques_5" id="anti_spam_ver_ques_5_input" value="', !empty($modSettings['anti_spam_ver_ques_5']) ? $modSettings['anti_spam_ver_ques_5'] : '', '" size="60%" maxlength="60" />
							</td>
							<td width="50%" align="left">
								<input type="text" name="anti_spam_ver_ans_5" id="anti_spam_ver_ans_5_input" value="', !empty($modSettings['anti_spam_ver_ans_5']) ? $modSettings['anti_spam_ver_ans_5'] : '', '" size="60%" maxlength="60" />
							</td>
						</tr>
					</table>
				</td>
			</tr>
			<tr class="titlebg">
				<td align="center">', $txt['anti_spam_ver_coppa'], '</td>
			</tr>
			<tr class="windowbg2">
				<td align="center">
					<table border="0" cellspacing="0" cellpadding="4" align="center" width="100%">
						<tr class="windowbg2" valign="top">]]></add>
		</operation>
	</file>

	<file name="$languagedir/Modifications.english.php">
		<operation>
			<search position="end" />
			<add><![CDATA[
$txt['anti_spam_ver_ans_col'] = 'Answer';
$txt['anti_spam_ver_coppa'] = 'COPPA';
$txt['anti_spam_ver_descr'] = 'If you want users to answer verification questions in order to stop spam bots you should setup a number of questions in the table below. You should pick relatively simple questions. Answers are not case sensitive. You may use BBC in the questions for formatting. To remove a question simply delete the contents of that line.';
$txt['anti_spam_ver_enable'] = 'Enable verification questions';
$txt['anti_spam_ver_failed'] = 'You did not answer the verification questions correctly.';
$txt['anti_spam_ver_ques_col'] = 'Question';
$txt['anti_spam_ver_title'] = 'Verification Questions';
]]></add>
		</operation>
	</file>

	<file name="$languagedir/Modifications.english-utf8.php" error="skip">
		<operation>
			<search position="end" />
			<add><![CDATA[
$txt['anti_spam_ver_ans_col'] = 'Answer';
$txt['anti_spam_ver_coppa'] = 'COPPA';
$txt['anti_spam_ver_descr'] = 'If you want users to answer verification questions in order to stop spam bots you should setup a number of questions in the table below. You should pick relatively simple questions. Answers are not case sensitive. You may use BBC in the questions for formatting. To remove a question simply delete the contents of that line.';
$txt['anti_spam_ver_enable'] = 'Enable verification questions';
$txt['anti_spam_ver_failed'] = 'You did not answer the verification questions correctly.';
$txt['anti_spam_ver_ques_col'] = 'Question';
$txt['anti_spam_ver_title'] = 'Verification Questions';
]]></add>
		</operation>
	</file>

	<file name="$languagedir/Modifications.english_british.php" error="skip">
		<operation>
			<search position="end" />
			<add><![CDATA[
$txt['anti_spam_ver_ans_col'] = 'Answer';
$txt['anti_spam_ver_coppa'] = 'COPPA';
$txt['anti_spam_ver_descr'] = 'If you want users to answer verification questions in order to stop spam bots you should setup a number of questions in the table below. You should pick relatively simple questions. Answers are not case sensitive. You may use BBC in the questions for formatting. To remove a question simply delete the contents of that line.';
$txt['anti_spam_ver_enable'] = 'Enable verification questions';
$txt['anti_spam_ver_failed'] = 'You did not answer the verification questions correctly.';
$txt['anti_spam_ver_ques_col'] = 'Question';
$txt['anti_spam_ver_title'] = 'Verification Questions';
]]></add>
		</operation>
	</file>

	<file name="$languagedir/Modifications.english_british-utf8.php" error="skip">
		<operation>
			<search position="end" />
			<add><![CDATA[
$txt['anti_spam_ver_ans_col'] = 'Answer';
$txt['anti_spam_ver_coppa'] = 'COPPA';
$txt['anti_spam_ver_descr'] = 'If you want users to answer verification questions in order to stop spam bots you should setup a number of questions in the table below. You should pick relatively simple questions. Answers are not case sensitive. You may use BBC in the questions for formatting. To remove a question simply delete the contents of that line.';
$txt['anti_spam_ver_enable'] = 'Enable verification questions';
$txt['anti_spam_ver_failed'] = 'You did not answer the verification questions correctly.';
$txt['anti_spam_ver_ques_col'] = 'Question';
$txt['anti_spam_ver_title'] = 'Verification Questions';
]]></add>
		</operation>
	</file>

</modification>